httpOpen,tcpWindowSize,zeroWindow,duration,resPacketSplit,label,srcIp,dstIp,srcPort,dstPort
Yes,1920.0,,,,NORMAL,1.251.107.146,133.244.209.32,16450,443
No,,,,,NORMAL,151.86.92.79,133.224.30.239,47541,8080
Yes,1598.0,,,,NORMAL,96.181.150.63,246.4.121.107,12425,443
No,,,,,NORMAL,164.184.237.241,178.182.74.55,45211,443
No,,,,,NORMAL,93.237.118.202,236.118.160.106,18608,443
Yes,819.0,20.0,195.0,,NORMAL,167.185.240.0,223.102.98.241,13055,443
Yes,824.0,20.0,465.0,193.0,NORMAL,179.211.28.227,232.96.164.120,39738,80
Yes,208.0,4.0,,,NORMAL,25.54.40.153,33.6.75.139,61905,80
No,,,,,NORMAL,66.75.231.242,80.253.231.43,10183,8080
No,,,,,NORMAL,51.55.35.196,32.128.216.240,20424,8080
No,,,,,NORMAL,251.174.229.132,28.40.159.71,64857,80
Yes,964.0,2.0,,,NORMAL,68.86.69.108,180.230.150.34,18025,443
No,,,,,NORMAL,203.41.50.48,171.146.221.165,35663,443
Yes,1329.0,,,,NORMAL,251.144.255.135,38.33.6.93,6936,443
Yes,473.0,10.0,,,NORMAL,203.221.204.73,79.110.14.188,60439,8080
No,,,,,NORMAL,137.80.233.72,235.167.88.246,20709,80
No,,,,,NORMAL,195.253.176.101,56.65.56.110,57894,80
No,,,,,NORMAL,115.152.220.123,22.188.0.208,63779,443
Yes,1146.0,,,,NORMAL,226.165.100.0,255.86.137.124,15464,80
Yes,559.0,4.0,,,NORMAL,23.137.42.195,155.175.205.7,6152,8080
Yes,1249.0,,,,NORMAL,253.192.193.75,42.138.189.12,51437,443
Yes,721.0,7.0,,,NORMAL,88.56.56.103,61.21.41.139,18040,8080
Yes,264.0,1.0,,,NORMAL,112.82.34.156,128.179.212.123,33357,443
Yes,1500.0,,,,NORMAL,175.154.76.224,114.177.93.162,43155,80
Yes,529.0,7.0,,,NORMAL,241.252.206.227,129.151.18.8,24851,80
Yes,1020.0,13.0,16.0,,NORMAL,249.131.206.198,6.70.86.58,32888,443
No,,,,,NORMAL,208.17.220.176,44.180.140.12,33404,80
Yes,35.0,4.0,,,NORMAL,120.226.101.239,25.251.169.139,10141,8080
Yes,503.0,2.0,,,NORMAL,88.236.236.249,145.242.235.135,28387,8080
Yes,1948.0,,,,NORMAL,74.70.140.99,35.251.206.113,43178,8080
No,,,,,NORMAL,10.245.15.228,212.225.150.44,37166,443
Yes,385.0,17.0,74.0,,NORMAL,156.218.203.93,52.149.11.138,42051,8080
Yes,274.0,18.0,4.0,,NORMAL,76.146.119.40,100.131.50.137,15621,8080
No,,,,,NORMAL,218.130.104.102,184.71.215.107,50029,8080
No,,,,,NORMAL,176.48.238.231,178.130.116.225,39806,8080
No,,,,,NORMAL,131.102.168.158,205.119.172.32,3370,80
Yes,1967.0,,,,NORMAL,180.35.176.236,234.64.44.212,2721,443
No,,,,,NORMAL,85.88.108.184,43.247.14.116,11957,8080
No,,,,,NORMAL,182.182.13.187,218.186.123.52,62701,8080
No,,,,,NORMAL,203.116.108.97,143.78.173.25,56334,80
No,,,,,NORMAL,239.157.189.94,140.239.172.21,14427,8080
Yes,1281.0,,,,NORMAL,136.49.42.51,243.235.191.51,14047,443
No,,,,,NORMAL,206.231.74.106,0.60.115.240,64323,80
No,,,,,NORMAL,187.140.1.31,138.106.88.99,34081,8080
No,,,,,NORMAL,220.174.192.13,223.249.104.125,18647,443
No,,,,,NORMAL,62.12.248.145,188.206.79.217,25477,8080
No,,,,,NORMAL,224.103.8.177,79.100.46.95,55496,80
No,,,,,NORMAL,106.108.91.36,248.227.131.194,42364,80
Yes,811.0,12.0,240.0,,NORMAL,242.252.111.222,127.46.252.178,47046,443
Yes,34.0,18.0,452.0,1601.0,ABNORMAL,134.144.13.91,27.253.118.25,25109,80
Yes,2.0,10.0,,,NORMAL,31.87.225.82,104.147.169.215,20842,8080
Yes,1071.0,,,,NORMAL,138.111.240.60,19.240.83.73,37999,8080
Yes,837.0,1.0,,,NORMAL,222.139.100.89,4.11.245.156,26742,8080
No,,,,,NORMAL,177.147.135.115,34.76.37.251,58335,443
No,,,,,NORMAL,131.205.8.144,202.158.238.58,55379,8080
Yes,1587.0,,,,NORMAL,26.212.178.75,25.138.240.186,46609,443
No,,,,,NORMAL,114.209.192.127,12.169.36.148,47378,80
Yes,603.0,8.0,,,NORMAL,219.250.1.168,135.234.106.11,13330,80
Yes,1084.0,,,,NORMAL,118.239.212.161,183.157.66.151,16520,80
Yes,1994.0,,,,NORMAL,38.246.4.49,38.69.32.99,49291,80
Yes,1115.0,,,,NORMAL,107.39.34.37,97.235.120.241,35965,8080
Yes,422.0,14.0,527.0,957.0,NORMAL,6.40.55.115,240.118.150.104,11212,80
No,,,,,NORMAL,227.242.136.79,207.238.140.244,26674,443
Yes,1091.0,,,,NORMAL,216.95.17.204,37.244.223.96,16134,443
No,,,,,NORMAL,205.250.143.29,228.139.182.233,22870,443
Yes,1339.0,,,,NORMAL,241.222.250.224,30.111.77.2,39824,80
No,,,,,NORMAL,111.114.172.204,132.229.100.73,12572,8080
Yes,1839.0,,,,NORMAL,80.8.103.97,224.108.125.227,53711,443
No,,,,,NORMAL,185.31.42.165,170.185.200.130,47942,443
No,,,,,NORMAL,48.128.88.133,13.152.176.200,54576,80
No,,,,,NORMAL,122.131.31.234,101.4.11.219,31506,8080
No,,,,,NORMAL,104.94.104.107,130.19.45.155,12918,8080
Yes,1456.0,,,,NORMAL,175.155.153.73,23.135.78.0,26011,443
No,,,,,NORMAL,145.219.136.206,163.118.75.248,11895,80
Yes,1944.0,,,,NORMAL,236.39.72.197,176.177.175.107,15693,80
Yes,1336.0,,,,NORMAL,236.120.122.17,108.191.227.149,18681,80
No,,,,,NORMAL,144.28.84.56,220.244.44.195,35802,443
No,,,,,NORMAL,131.52.202.175,46.139.189.154,33428,80
Yes,1268.0,,,,NORMAL,174.126.169.16,131.189.44.65,41135,8080
Yes,540.0,3.0,,,NORMAL,63.137.69.83,240.25.250.132,33539,443
No,,,,,NORMAL,37.169.178.10,187.38.6.161,30923,8080
Yes,624.0,17.0,584.0,285.0,NORMAL,93.144.191.112,240.112.9.219,64520,8080
Yes,1712.0,,,,NORMAL,41.92.68.142,5.72.211.65,31986,80
No,,,,,NORMAL,250.61.94.193,193.148.20.130,2705,443
Yes,1664.0,,,,NORMAL,228.93.139.176,245.19.164.71,39579,443
Yes,1484.0,,,,NORMAL,218.96.245.80,134.84.156.228,31227,8080
No,,,,,NORMAL,97.229.140.10,13.143.1.172,37757,443
Yes,10.0,12.0,527.0,759.0,NORMAL,72.253.214.109,88.200.68.63,64610,443
Yes,994.0,7.0,,,NORMAL,224.197.213.14,30.8.2.136,59337,8080
No,,,,,NORMAL,29.100.220.56,135.20.194.112,18518,80
No,,,,,NORMAL,91.58.1.50,30.39.101.163,9179,80
Yes,1632.0,,,,NORMAL,105.146.9.181,77.250.107.48,21148,80
Yes,515.0,8.0,,,NORMAL,191.180.167.136,56.151.141.60,51137,8080
Yes,1323.0,,,,NORMAL,98.248.57.225,156.30.144.82,16520,8080
No,,,,,NORMAL,171.140.236.73,56.48.56.188,6180,443
No,,,,,NORMAL,230.215.76.245,65.31.253.54,34347,80
Yes,1607.0,,,,NORMAL,149.140.40.206,166.84.217.79,10879,443
Yes,1103.0,,,,NORMAL,138.122.240.162,15.35.116.169,52460,443
No,,,,,NORMAL,216.91.28.147,221.176.112.98,58915,443
Yes,1524.0,,,,NORMAL,74.72.132.137,49.42.222.224,64668,80
Yes,1.0,1.0,,,NORMAL,46.135.148.168,45.8.72.209,7469,443
No,,,,,NORMAL,135.47.220.105,218.164.17.156,3547,80
No,,,,,NORMAL,38.123.22.60,17.127.21.165,16719,443
No,,,,,NORMAL,177.213.34.52,246.125.174.184,6554,443
No,,,,,NORMAL,18.17.34.115,30.247.14.120,45298,443
No,,,,,NORMAL,203.2.162.140,112.111.41.178,30095,8080
Yes,531.0,14.0,48.0,,NORMAL,28.85.206.68,90.203.111.163,60805,80
No,,,,,NORMAL,6.126.60.76,16.112.17.51,58238,80
No,,,,,NORMAL,59.153.57.175,135.148.197.207,20246,8080
No,,,,,NORMAL,17.177.168.148,30.168.33.172,36371,80
Yes,1034.0,,,,NORMAL,1.24.146.240,209.23.202.5,50258,80
No,,,,,NORMAL,197.229.5.240,73.231.73.215,19197,443
No,,,,,NORMAL,171.55.97.172,195.153.155.50,47713,80
Yes,1042.0,,,,NORMAL,81.53.205.124,171.117.102.19,51980,443
Yes,948.0,15.0,201.0,,NORMAL,218.23.231.0,33.246.127.136,10707,443
Yes,1952.0,,,,NORMAL,220.200.188.138,160.246.84.140,56392,8080
No,,,,,NORMAL,134.91.11.242,223.183.61.167,5998,443
No,,,,,NORMAL,62.132.207.92,188.107.69.67,51089,8080
Yes,869.0,12.0,352.0,1912.0,ABNORMAL,189.235.22.125,242.55.181.125,53428,8080
Yes,1689.0,,,,NORMAL,83.145.117.150,230.93.172.161,41084,80
No,,,,,NORMAL,39.22.178.72,157.105.131.167,4743,443
No,,,,,NORMAL,78.45.20.54,154.77.137.253,3340,443
No,,,,,NORMAL,105.54.94.40,39.187.48.43,32519,443
Yes,38.0,8.0,,,NORMAL,215.160.94.132,100.235.116.119,49125,443
Yes,214.0,20.0,221.0,,NORMAL,232.253.128.111,133.180.31.57,42775,443
No,,,,,NORMAL,123.67.54.55,233.79.176.118,59947,8080
No,,,,,NORMAL,163.236.136.164,240.89.176.218,52131,8080
Yes,103.0,12.0,412.0,615.0,NORMAL,136.147.197.173,11.23.118.211,4534,443
Yes,1327.0,,,,NORMAL,163.179.236.129,91.99.66.218,24156,443
Yes,1294.0,,,,NORMAL,18.135.244.191,203.4.103.215,60555,80
Yes,1772.0,,,,NORMAL,75.87.109.171,229.78.169.63,29026,8080
No,,,,,NORMAL,171.183.26.82,94.5.101.198,6590,443
Yes,68.0,7.0,,,NORMAL,123.113.141.150,102.173.160.93,12011,80
Yes,855.0,10.0,,,NORMAL,57.132.136.149,44.230.238.111,18109,8080
No,,,,,NORMAL,44.178.183.204,156.143.72.0,8248,80
Yes,1196.0,,,,NORMAL,137.157.148.11,238.182.104.84,26535,443
Yes,1274.0,,,,NORMAL,244.235.171.252,34.107.24.112,1412,443
No,,,,,NORMAL,113.221.52.40,122.93.109.18,51633,443
No,,,,,NORMAL,124.174.191.195,11.70.142.39,24850,8080
Yes,820.0,0.0,,,NORMAL,254.249.59.14,138.93.147.159,12139,8080
Yes,1577.0,,,,NORMAL,189.100.81.102,114.222.190.235,47418,8080
No,,,,,NORMAL,44.171.136.251,216.120.101.228,19401,80
No,,,,,NORMAL,119.243.105.173,227.54.51.235,23290,80
Yes,224.0,14.0,358.0,593.0,NORMAL,104.62.115.130,56.133.140.33,11481,80
No,,,,,NORMAL,101.216.33.201,129.153.64.152,51929,8080
Yes,878.0,13.0,538.0,100.0,NORMAL,144.192.58.28,14.183.198.50,28228,80
No,,,,,NORMAL,128.61.35.248,77.173.234.112,45544,8080
No,,,,,NORMAL,33.164.9.166,7.200.173.88,61283,80
No,,,,,NORMAL,238.86.185.14,108.179.19.40,35685,443
Yes,875.0,17.0,212.0,,NORMAL,126.53.210.0,212.166.151.197,34130,8080
No,,,,,NORMAL,43.59.128.112,130.161.71.92,59021,80
Yes,1559.0,,,,NORMAL,252.40.216.239,217.199.216.91,9060,443
No,,,,,NORMAL,198.78.213.76,11.21.213.184,16960,443
No,,,,,NORMAL,67.183.197.218,52.59.208.96,38587,8080
Yes,1993.0,,,,NORMAL,167.234.80.89,203.13.179.180,33735,80
No,,,,,NORMAL,190.160.91.255,14.126.125.131,54585,80
Yes,1812.0,,,,NORMAL,234.172.216.154,198.249.237.5,25728,8080
No,,,,,NORMAL,89.21.98.40,241.191.85.252,56375,443
No,,,,,NORMAL,193.185.199.242,181.151.151.36,49984,443
No,,,,,NORMAL,1.48.251.218,47.237.6.11,47355,443
Yes,840.0,8.0,,,NORMAL,53.219.150.151,29.232.67.214,55260,8080
No,,,,,NORMAL,116.93.7.35,44.217.192.107,49371,80
No,,,,,NORMAL,244.125.115.95,16.114.111.157,3405,443
Yes,428.0,10.0,,,NORMAL,0.74.93.151,36.29.111.247,32755,443
Yes,1924.0,,,,NORMAL,234.99.179.46,133.6.230.23,42303,443
Yes,1462.0,,,,NORMAL,112.165.217.209,246.99.23.69,17447,80
Yes,1135.0,,,,NORMAL,22.213.139.202,40.126.31.200,56467,443
No,,,,,NORMAL,250.85.196.225,134.235.59.223,20646,80
No,,,,,NORMAL,226.235.163.227,93.13.186.237,5567,80
No,,,,,NORMAL,224.8.63.166,160.218.50.160,36904,8080
No,,,,,NORMAL,162.186.196.194,155.41.160.20,14787,8080
Yes,1128.0,,,,NORMAL,28.255.251.99,247.250.109.212,3587,80
No,,,,,NORMAL,83.111.86.179,195.131.224.67,42477,443
Yes,1035.0,,,,NORMAL,140.41.10.136,139.83.120.216,23299,80
Yes,1480.0,,,,NORMAL,99.69.183.175,42.5.220.46,20229,8080
No,,,,,NORMAL,203.181.230.134,247.80.90.211,10882,80
No,,,,,NORMAL,46.61.193.168,142.139.197.80,41171,8080
Yes,17.0,17.0,16.0,,NORMAL,42.231.203.210,39.21.40.68,40291,80
Yes,1326.0,,,,NORMAL,107.72.99.217,80.148.202.133,55473,80
Yes,629.0,14.0,478.0,1377.0,ABNORMAL,212.119.153.248,50.90.14.79,43012,443
Yes,1080.0,,,,NORMAL,120.80.1.183,184.205.21.57,62020,8080
Yes,13.0,11.0,166.0,,NORMAL,198.125.145.63,165.241.72.125,27671,443
Yes,879.0,3.0,,,NORMAL,241.227.137.61,45.45.160.63,25805,80
No,,,,,NORMAL,10.166.191.7,91.85.29.21,46249,80
Yes,276.0,19.0,158.0,,NORMAL,16.254.28.19,180.49.6.62,49218,443
Yes,997.0,10.0,,,NORMAL,54.65.85.173,58.14.76.107,31217,80
Yes,149.0,19.0,566.0,1626.0,ABNORMAL,105.120.32.27,15.13.15.139,41077,8080
No,,,,,NORMAL,199.94.63.31,33.152.108.125,64658,443
Yes,705.0,11.0,10.0,,NORMAL,150.124.84.125,147.43.84.141,62113,443
Yes,2000.0,,,,NORMAL,93.26.175.118,82.219.130.216,61987,80
No,,,,,NORMAL,32.117.94.70,104.24.15.27,60318,80
No,,,,,NORMAL,167.113.218.135,125.0.62.229,27626,80
Yes,1418.0,,,,NORMAL,229.214.122.109,132.165.238.110,5921,443
No,,,,,NORMAL,206.217.249.167,194.209.245.48,26311,80
Yes,931.0,20.0,184.0,,NORMAL,67.66.34.44,27.90.81.108,39168,443
No,,,,,NORMAL,139.65.138.34,165.157.233.54,40445,80
Yes,1700.0,,,,NORMAL,135.202.16.160,38.199.242.19,8542,80
No,,,,,NORMAL,202.199.98.161,106.145.191.248,54345,8080
No,,,,,NORMAL,157.10.227.7,252.24.110.158,29027,8080
No,,,,,NORMAL,96.228.27.2,99.210.68.67,55977,443
No,,,,,NORMAL,194.26.62.75,242.79.111.147,40493,8080
Yes,1710.0,,,,NORMAL,25.198.232.143,246.211.93.78,43062,443
Yes,605.0,16.0,248.0,,NORMAL,6.233.120.197,19.202.42.94,44260,8080
Yes,195.0,11.0,439.0,996.0,NORMAL,248.68.91.28,59.62.21.92,25767,80
Yes,1035.0,,,,NORMAL,96.185.111.22,184.218.216.93,58426,8080
Yes,1958.0,,,,NORMAL,171.133.193.196,67.96.56.232,63958,8080
No,,,,,NORMAL,36.100.104.20,41.154.51.201,49950,8080
Yes,872.0,2.0,,,NORMAL,107.134.182.52,87.79.162.255,33292,80
No,,,,,NORMAL,151.203.133.165,71.38.46.38,62426,443
Yes,1032.0,,,,NORMAL,47.177.220.170,49.118.146.157,37590,443
No,,,,,NORMAL,150.62.143.115,238.123.40.169,48992,8080
Yes,1022.0,5.0,,,NORMAL,142.130.217.126,202.15.140.143,43970,80
Yes,1693.0,,,,NORMAL,113.47.8.155,69.212.138.235,7710,443
No,,,,,NORMAL,63.201.120.63,47.64.33.210,55022,443
Yes,791.0,5.0,,,NORMAL,35.161.175.141,123.31.22.99,1118,443
No,,,,,NORMAL,1.69.63.71,79.249.67.75,22432,443
No,,,,,NORMAL,98.78.89.174,126.164.145.209,48929,8080
No,,,,,NORMAL,120.115.43.73,115.103.43.53,3328,443
No,,,,,NORMAL,41.210.244.99,226.223.156.76,8017,443
No,,,,,NORMAL,94.224.22.134,1.37.210.64,29201,8080
Yes,1911.0,,,,NORMAL,36.125.162.159,210.38.42.20,23324,443
No,,,,,NORMAL,101.32.232.180,185.241.8.203,32687,443
No,,,,,NORMAL,174.130.117.25,55.117.163.88,40147,8080
No,,,,,NORMAL,203.62.58.130,208.13.22.152,41119,8080
Yes,1500.0,,,,NORMAL,111.92.116.70,111.211.206.149,60731,80
Yes,455.0,7.0,,,NORMAL,167.249.152.150,88.47.159.253,41510,443
No,,,,,NORMAL,241.198.145.255,250.218.180.87,55104,443
Yes,1005.0,18.0,185.0,,NORMAL,111.117.60.112,240.149.32.182,2646,443
Yes,1532.0,,,,NORMAL,250.17.141.141,136.42.16.144,1593,8080
No,,,,,NORMAL,242.37.216.42,113.89.47.15,60555,80
Yes,437.0,7.0,,,NORMAL,140.253.49.92,150.46.95.225,19451,443
No,,,,,NORMAL,229.141.104.246,230.159.187.101,53974,443
No,,,,,NORMAL,143.20.63.110,36.145.80.225,38760,443
Yes,1929.0,,,,NORMAL,98.3.185.212,129.199.78.177,56018,8080
Yes,1724.0,,,,NORMAL,87.252.206.153,69.227.129.54,4300,443
Yes,890.0,1.0,,,NORMAL,153.141.153.75,121.181.10.20,54135,80
No,,,,,NORMAL,36.39.164.37,48.180.125.13,22083,80
Yes,185.0,18.0,593.0,877.0,NORMAL,9.164.217.8,46.37.11.224,54349,80
Yes,1779.0,,,,NORMAL,249.69.63.183,30.39.136.147,10073,8080
No,,,,,NORMAL,147.122.18.95,199.117.247.5,45966,8080
No,,,,,NORMAL,99.247.78.22,80.177.215.167,45640,8080
Yes,709.0,11.0,565.0,1804.0,ABNORMAL,135.161.38.38,57.87.11.93,60679,80
No,,,,,NORMAL,30.253.42.157,197.200.71.209,58020,80
Yes,1195.0,,,,NORMAL,28.165.158.142,200.140.118.47,28618,8080
No,,,,,NORMAL,162.208.23.147,60.221.215.96,30193,443
Yes,1131.0,,,,NORMAL,232.228.54.0,162.3.165.174,43841,80
No,,,,,NORMAL,149.11.94.121,159.32.212.75,24650,80
No,,,,,NORMAL,88.9.114.191,197.6.229.245,13007,80
Yes,41.0,4.0,,,NORMAL,146.69.254.122,197.218.217.245,19716,8080
Yes,1357.0,,,,NORMAL,236.81.27.0,97.181.163.236,6005,8080
Yes,95.0,9.0,,,NORMAL,32.125.219.84,57.153.80.16,28488,8080
Yes,1654.0,,,,NORMAL,147.43.98.63,150.55.228.131,3468,443
No,,,,,NORMAL,58.233.149.249,10.183.59.228,37414,8080
No,,,,,NORMAL,208.252.98.73,24.211.8.87,50170,443
No,,,,,NORMAL,68.93.21.37,187.219.158.66,25235,8080
Yes,1293.0,,,,NORMAL,122.20.234.225,159.189.42.244,23148,80
No,,,,,NORMAL,178.169.234.45,236.171.150.248,50357,443
Yes,21.0,17.0,312.0,1884.0,ABNORMAL,74.41.58.212,247.244.192.197,10502,443
Yes,1296.0,,,,NORMAL,199.42.177.232,85.203.78.243,44229,8080
Yes,625.0,9.0,,,NORMAL,2.250.48.51,243.102.108.169,22119,8080
No,,,,,NORMAL,64.131.27.140,170.170.127.249,8896,80
Yes,1695.0,,,,NORMAL,34.161.149.47,51.28.9.96,14914,80
Yes,813.0,2.0,,,NORMAL,64.167.34.49,133.114.0.140,39378,443
No,,,,,NORMAL,3.252.221.104,218.18.26.27,23007,80
Yes,359.0,4.0,,,NORMAL,81.126.138.53,22.81.122.108,41942,443
No,,,,,NORMAL,78.142.75.174,107.139.217.134,8295,443
Yes,1422.0,,,,NORMAL,82.214.119.68,19.85.232.80,22248,443
Yes,315.0,14.0,185.0,,NORMAL,77.138.157.183,218.126.143.122,44804,8080
Yes,1933.0,,,,NORMAL,51.8.246.185,22.230.5.124,32831,443
Yes,1967.0,,,,NORMAL,245.52.219.3,183.150.96.20,10250,443
Yes,1260.0,,,,NORMAL,84.11.193.169,243.45.29.17,12822,8080
No,,,,,NORMAL,204.186.253.238,10.119.116.154,41753,8080
No,,,,,NORMAL,73.42.169.6,118.22.106.63,35863,8080
Yes,1775.0,,,,NORMAL,233.239.63.104,82.240.164.81,8031,443
No,,,,,NORMAL,107.140.229.16,236.198.123.190,9859,443
Yes,500.0,2.0,,,NORMAL,80.191.153.118,17.37.137.72,17941,80
No,,,,,NORMAL,191.55.237.98,150.54.221.149,34559,8080
Yes,1873.0,,,,NORMAL,69.212.203.150,241.88.207.44,25778,443
No,,,,,NORMAL,56.41.88.81,42.47.189.145,53050,80
No,,,,,NORMAL,1.10.3.80,223.64.3.165,57882,80
Yes,433.0,1.0,,,NORMAL,31.8.139.89,215.190.105.120,18871,80
No,,,,,NORMAL,217.19.6.249,73.188.25.194,33662,80
Yes,1559.0,,,,NORMAL,46.220.167.197,232.97.47.33,14210,443
Yes,1883.0,,,,NORMAL,60.144.218.93,199.56.62.139,7629,80
No,,,,,NORMAL,170.199.161.246,241.11.206.122,39155,80
No,,,,,NORMAL,216.202.166.87,127.188.228.132,56874,8080
No,,,,,NORMAL,164.239.9.191,21.188.142.201,60260,80
Yes,847.0,2.0,,,NORMAL,185.84.11.226,191.56.102.43,20980,80
No,,,,,NORMAL,33.127.242.249,99.166.234.175,7822,443
No,,,,,NORMAL,254.95.226.14,129.57.147.21,7824,80
No,,,,,NORMAL,65.220.246.102,159.185.40.38,41031,443
Yes,348.0,10.0,,,NORMAL,28.134.204.85,122.166.113.176,14806,80
No,,,,,NORMAL,171.253.251.208,109.252.206.160,44578,443
No,,,,,NORMAL,197.140.230.85,156.122.238.243,53720,80
Yes,588.0,16.0,60.0,,NORMAL,105.211.244.206,219.141.143.91,21996,80
Yes,1950.0,,,,NORMAL,167.248.224.146,154.97.209.234,6081,8080
Yes,242.0,12.0,120.0,,NORMAL,141.188.92.240,86.130.37.143,38078,80
No,,,,,NORMAL,44.234.75.47,227.197.136.159,27102,443
Yes,93.0,17.0,331.0,1564.0,ABNORMAL,26.199.98.202,255.32.1.130,35176,8080
No,,,,,NORMAL,61.38.144.84,94.160.48.26,57803,8080
Yes,965.0,19.0,169.0,,NORMAL,167.255.22.40,149.248.28.124,3919,443
Yes,1987.0,,,,NORMAL,67.93.49.56,96.70.37.204,15744,8080
No,,,,,NORMAL,66.188.168.193,206.143.119.153,60875,443
No,,,,,NORMAL,175.192.75.243,97.115.147.33,5614,8080
No,,,,,NORMAL,7.14.207.158,157.45.182.219,36181,443
No,,,,,NORMAL,244.28.20.196,250.181.60.15,2992,8080
Yes,45.0,10.0,,,NORMAL,49.215.224.224,97.123.195.163,10502,443
No,,,,,NORMAL,177.112.188.3,2.254.57.236,32657,8080
Yes,1422.0,,,,NORMAL,53.67.210.228,140.78.89.46,22547,80
No,,,,,NORMAL,76.111.1.107,251.191.193.60,50498,8080
No,,,,,NORMAL,168.41.0.100,92.210.228.195,39690,80
No,,,,,NORMAL,206.143.128.6,82.3.242.161,56503,443
Yes,388.0,7.0,,,NORMAL,211.144.99.61,179.89.241.0,64137,80
No,,,,,NORMAL,144.233.91.215,29.122.244.133,16599,8080
No,,,,,NORMAL,121.138.193.242,104.224.37.211,1793,80
Yes,587.0,10.0,,,NORMAL,97.0.141.215,30.227.128.60,34266,8080
No,,,,,NORMAL,242.32.92.246,23.236.198.215,26338,8080
No,,,,,NORMAL,143.240.145.31,61.224.69.56,3707,8080
Yes,767.0,13.0,0.0,,NORMAL,44.69.20.202,206.220.88.116,23592,80
Yes,82.0,16.0,339.0,156.0,NORMAL,156.161.33.35,197.124.101.155,17311,443
No,,,,,NORMAL,58.5.57.27,47.132.195.25,36741,8080
No,,,,,NORMAL,189.105.185.144,179.151.246.40,12852,80
No,,,,,NORMAL,137.126.200.20,195.182.106.2,46206,443
Yes,1031.0,,,,NORMAL,154.17.65.230,40.73.214.254,24622,443
Yes,1429.0,,,,NORMAL,52.64.120.94,47.79.231.125,45309,8080
No,,,,,NORMAL,226.202.22.0,1.84.229.230,50679,443
No,,,,,NORMAL,233.22.245.165,167.53.51.217,45262,443
Yes,532.0,6.0,,,NORMAL,159.43.224.217,7.200.225.111,24167,443
Yes,846.0,4.0,,,NORMAL,136.163.35.207,44.26.192.202,30064,80
Yes,1.0,4.0,,,NORMAL,245.51.186.108,167.162.172.48,6174,8080
No,,,,,NORMAL,30.215.16.135,64.149.33.122,62529,8080
No,,,,,NORMAL,14.62.0.227,191.163.154.14,59996,8080
No,,,,,NORMAL,255.100.246.35,129.26.102.123,58699,8080
No,,,,,NORMAL,212.151.170.200,29.194.159.61,60820,8080
No,,,,,NORMAL,2.167.19.214,164.45.180.19,21672,8080
Yes,745.0,3.0,,,NORMAL,188.16.148.14,153.197.12.132,42352,80
Yes,383.0,10.0,,,NORMAL,168.189.4.68,188.199.18.20,39784,8080
No,,,,,NORMAL,16.42.32.223,21.179.28.225,23294,80
Yes,1524.0,,,,NORMAL,59.191.21.85,47.170.71.236,44282,80
Yes,1138.0,,,,NORMAL,199.112.143.173,26.98.41.80,5460,443
No,,,,,NORMAL,26.9.142.42,58.253.169.39,11593,443
No,,,,,NORMAL,104.16.168.100,165.130.156.144,44418,443
Yes,1386.0,,,,NORMAL,221.117.131.96,183.107.50.37,27556,8080
No,,,,,NORMAL,135.87.150.138,3.98.29.28,49349,8080
No,,,,,NORMAL,123.33.10.147,61.66.68.232,37674,8080
No,,,,,NORMAL,216.192.112.174,127.85.109.179,19710,443
No,,,,,NORMAL,98.199.94.195,248.129.120.21,40379,80
No,,,,,NORMAL,76.220.127.181,180.95.205.64,27952,8080
Yes,1485.0,,,,NORMAL,24.247.56.55,24.53.170.176,29980,8080
No,,,,,NORMAL,95.47.92.181,110.79.73.27,33742,443
Yes,898.0,8.0,,,NORMAL,70.145.151.99,29.10.255.249,7315,80
Yes,1430.0,,,,NORMAL,156.158.174.73,177.181.108.89,22556,443
No,,,,,NORMAL,191.37.220.240,139.248.43.82,60605,8080
No,,,,,NORMAL,168.231.165.83,187.46.44.132,50234,8080
No,,,,,NORMAL,74.76.253.213,36.118.232.7,9991,80
Yes,1569.0,,,,NORMAL,220.241.175.106,203.87.164.172,28376,80
No,,,,,NORMAL,149.230.1.10,18.67.141.74,56542,8080
No,,,,,NORMAL,217.101.167.24,73.130.50.251,4625,8080
No,,,,,NORMAL,213.52.141.31,157.82.142.192,32630,80
No,,,,,NORMAL,190.74.9.71,59.202.111.135,64260,80
No,,,,,NORMAL,117.30.112.214,150.16.145.238,49988,443
No,,,,,NORMAL,141.162.182.129,253.3.80.93,13807,8080
No,,,,,NORMAL,150.62.206.84,130.143.16.152,44066,8080
Yes,1598.0,,,,NORMAL,38.219.124.228,88.3.162.74,28324,8080
No,,,,,NORMAL,111.158.165.252,60.67.52.187,28844,80
No,,,,,NORMAL,178.210.28.237,104.21.160.241,42040,443
Yes,1822.0,,,,NORMAL,25.182.254.216,114.67.207.89,39354,443
Yes,460.0,20.0,424.0,1072.0,ABNORMAL,129.28.122.8,124.133.188.143,45440,443
No,,,,,NORMAL,158.251.231.143,5.250.20.148,34974,80
Yes,210.0,5.0,,,NORMAL,177.32.111.1,200.212.79.181,22614,443
No,,,,,NORMAL,226.74.98.188,216.21.1.231,38354,80
No,,,,,NORMAL,147.96.227.22,233.250.131.207,22319,80
Yes,1834.0,,,,NORMAL,27.81.197.161,129.204.83.30,8668,80
No,,,,,NORMAL,189.224.217.241,106.201.30.207,10797,8080
Yes,6.0,14.0,444.0,1829.0,ABNORMAL,54.58.2.2,219.245.250.167,7976,8080
No,,,,,NORMAL,109.225.167.50,21.254.7.195,12263,8080
Yes,1173.0,,,,NORMAL,143.98.6.20,40.187.239.75,55334,80
Yes,795.0,17.0,388.0,1170.0,ABNORMAL,14.151.57.60,6.89.75.209,2943,8080
No,,,,,NORMAL,152.18.241.213,187.153.68.221,41656,8080
No,,,,,NORMAL,216.2.99.156,168.243.81.185,25732,8080
No,,,,,NORMAL,186.101.163.222,42.1.149.50,14570,443
Yes,888.0,18.0,228.0,,NORMAL,44.116.117.247,244.22.157.229,44954,443
No,,,,,NORMAL,138.228.141.110,28.91.7.126,42106,8080
No,,,,,NORMAL,150.184.226.172,59.156.44.209,2773,80
Yes,1326.0,,,,NORMAL,180.72.196.85,252.197.123.28,61639,443
No,,,,,NORMAL,206.157.54.240,189.218.38.109,48782,443
No,,,,,NORMAL,128.158.3.57,179.8.35.109,58581,8080
No,,,,,NORMAL,172.229.107.137,204.22.237.136,9736,8080
Yes,54.0,6.0,,,NORMAL,41.100.110.166,98.80.99.206,1713,80
No,,,,,NORMAL,55.34.170.191,22.203.200.78,34301,80
Yes,120.0,7.0,,,NORMAL,173.229.90.161,173.179.70.254,64588,80
No,,,,,NORMAL,113.2.152.42,32.22.149.122,65463,80
Yes,365.0,19.0,215.0,,NORMAL,71.59.127.217,202.223.235.105,47570,8080
No,,,,,NORMAL,73.113.151.121,163.18.35.59,10875,80
No,,,,,NORMAL,32.97.192.129,10.247.12.158,5565,443
Yes,1878.0,,,,NORMAL,31.180.238.240,173.36.85.158,58515,80
No,,,,,NORMAL,245.44.17.86,189.187.132.154,17016,443
No,,,,,NORMAL,144.90.248.156,211.81.195.11,16144,80
Yes,1783.0,,,,NORMAL,158.215.200.62,77.24.219.171,58050,443
No,,,,,NORMAL,226.26.171.184,177.123.94.37,46575,443
No,,,,,NORMAL,9.7.53.99,90.231.63.253,36130,443
Yes,1437.0,,,,NORMAL,129.37.162.177,6.61.120.68,13290,80
No,,,,,NORMAL,144.87.37.176,183.232.128.52,39777,8080
No,,,,,NORMAL,245.50.103.207,248.176.58.184,6714,80
No,,,,,NORMAL,120.24.217.158,233.37.95.174,22809,80
Yes,494.0,11.0,360.0,484.0,NORMAL,5.7.148.47,57.117.132.3,39463,80
No,,,,,NORMAL,225.18.170.25,64.224.159.66,50452,8080
Yes,1836.0,,,,NORMAL,187.190.173.114,132.17.164.168,38156,443
Yes,432.0,0.0,,,NORMAL,226.231.79.226,155.89.8.97,18703,80
No,,,,,NORMAL,156.31.57.254,89.157.218.154,53188,443
Yes,500.0,8.0,,,NORMAL,162.16.72.176,59.171.255.162,59236,443
No,,,,,NORMAL,27.127.11.37,184.85.236.89,64173,8080
No,,,,,NORMAL,170.60.23.83,232.54.110.2,8867,443
Yes,810.0,20.0,112.0,,NORMAL,3.18.58.32,76.188.120.149,18756,80
No,,,,,NORMAL,59.189.120.110,246.19.24.107,35013,8080
Yes,847.0,11.0,468.0,1446.0,ABNORMAL,209.75.34.246,41.23.42.214,36114,8080
No,,,,,NORMAL,6.183.139.65,6.2.254.76,26198,8080
No,,,,,NORMAL,16.234.102.31,111.194.209.225,55228,443
Yes,1456.0,,,,NORMAL,188.11.48.205,62.96.71.63,43158,80
No,,,,,NORMAL,99.46.236.222,144.149.125.216,55794,8080
No,,,,,NORMAL,45.217.12.124,32.174.203.47,34093,443
Yes,1026.0,,,,NORMAL,23.1.228.157,239.5.208.182,56813,443
No,,,,,NORMAL,101.105.20.143,185.31.175.86,64429,8080
Yes,957.0,4.0,,,NORMAL,208.94.167.222,58.30.92.101,18016,80
Yes,1986.0,,,,NORMAL,132.239.165.237,102.157.168.169,51854,80
No,,,,,NORMAL,42.22.234.44,34.119.170.77,52771,8080
No,,,,,NORMAL,216.141.201.98,36.251.205.114,36326,80
No,,,,,NORMAL,72.236.170.37,78.9.253.126,25585,443
No,,,,,NORMAL,199.204.143.77,27.47.229.126,15101,443
No,,,,,NORMAL,109.56.125.139,27.120.76.11,58308,80
Yes,1935.0,,,,NORMAL,203.197.70.107,220.238.83.216,37195,8080
Yes,1680.0,,,,NORMAL,105.80.6.5,96.37.28.0,25648,443
No,,,,,NORMAL,91.246.211.190,75.39.219.60,42566,8080
No,,,,,NORMAL,0.150.186.158,96.39.7.190,1966,8080
No,,,,,NORMAL,17.21.89.191,76.181.31.105,33104,8080
No,,,,,NORMAL,123.122.42.78,35.85.96.23,12963,80
Yes,132.0,5.0,,,NORMAL,144.211.153.104,208.19.187.82,6688,80
Yes,1802.0,,,,NORMAL,231.68.127.84,10.27.10.148,13411,443
No,,,,,NORMAL,214.26.214.227,103.120.163.129,61690,8080
Yes,280.0,14.0,580.0,1094.0,ABNORMAL,114.89.164.43,219.183.58.105,64088,443
No,,,,,NORMAL,215.88.114.34,149.230.77.121,56923,443
Yes,1100.0,,,,NORMAL,2.161.4.81,175.40.104.27,29493,443
Yes,1908.0,,,,NORMAL,172.176.205.44,141.146.221.232,17737,8080
Yes,1570.0,,,,NORMAL,41.253.40.61,28.171.250.247,25874,80
No,,,,,NORMAL,95.130.67.6,200.127.194.115,58537,443
No,,,,,NORMAL,121.134.111.247,173.212.252.12,38666,8080
No,,,,,NORMAL,147.248.4.247,143.59.172.148,44940,8080
No,,,,,NORMAL,98.0.133.249,201.163.155.97,50274,80
Yes,871.0,5.0,,,NORMAL,170.140.1.70,135.127.102.104,7015,8080
Yes,1305.0,,,,NORMAL,204.168.198.94,110.1.128.59,14165,8080
Yes,704.0,15.0,135.0,,NORMAL,237.113.10.40,230.132.240.211,37008,443
No,,,,,NORMAL,195.208.72.143,61.49.145.65,27483,443
Yes,1517.0,,,,NORMAL,229.208.187.52,108.6.66.181,56287,80
No,,,,,NORMAL,98.147.114.169,213.125.190.106,1302,80
No,,,,,NORMAL,30.230.103.88,122.102.8.83,15808,8080
Yes,1915.0,,,,NORMAL,144.239.221.245,220.238.117.64,23502,8080
Yes,964.0,6.0,,,NORMAL,143.74.153.79,132.197.108.172,54992,8080
No,,,,,NORMAL,238.166.174.234,24.132.109.235,37216,80
Yes,978.0,2.0,,,NORMAL,15.174.249.209,243.202.5.103,3626,80
No,,,,,NORMAL,129.146.24.181,115.60.244.189,57816,80
No,,,,,NORMAL,212.54.250.239,183.171.165.37,50646,8080
No,,,,,NORMAL,188.123.157.153,81.230.214.102,17617,443
No,,,,,NORMAL,228.153.217.205,249.84.18.162,28712,8080
No,,,,,NORMAL,222.250.36.253,160.241.101.90,27983,8080
No,,,,,NORMAL,207.120.124.127,226.35.55.186,7933,443
Yes,1910.0,,,,NORMAL,10.167.127.24,79.17.6.86,30797,8080
No,,,,,NORMAL,17.149.216.109,76.111.156.31,12629,8080
No,,,,,NORMAL,131.7.118.37,72.241.203.112,41719,8080
Yes,1829.0,,,,NORMAL,250.216.234.117,72.100.236.175,49761,8080
No,,,,,NORMAL,75.116.194.151,102.254.203.15,23847,80
No,,,,,NORMAL,72.87.235.174,100.247.104.154,60121,443
No,,,,,NORMAL,97.84.202.251,148.145.130.133,36473,443
No,,,,,NORMAL,162.247.115.217,151.69.101.215,19923,80
No,,,,,NORMAL,82.5.31.24,168.206.233.229,58206,8080
No,,,,,NORMAL,114.190.176.238,193.127.187.82,59322,80
No,,,,,NORMAL,156.131.108.36,252.174.201.106,9680,80
No,,,,,NORMAL,127.145.155.70,59.187.100.108,56693,443
No,,,,,NORMAL,246.252.51.184,57.104.18.43,50178,8080
No,,,,,NORMAL,192.177.240.131,51.233.255.110,19914,8080
No,,,,,NORMAL,67.164.202.115,142.192.243.199,61771,8080
No,,,,,NORMAL,34.75.74.209,149.33.49.44,26256,443
No,,,,,NORMAL,142.191.194.41,132.151.48.162,26199,8080
No,,,,,NORMAL,213.157.189.41,198.28.124.124,32943,8080
No,,,,,NORMAL,55.239.187.240,133.31.135.190,24368,8080
No,,,,,NORMAL,91.24.251.198,127.143.238.185,23310,443
No,,,,,NORMAL,226.240.37.6,110.225.191.212,24335,80
No,,,,,NORMAL,41.167.225.42,135.33.34.15,18695,8080
No,,,,,NORMAL,141.85.79.22,46.209.41.159,56515,8080
No,,,,,NORMAL,91.7.229.159,115.132.143.34,22650,80
No,,,,,NORMAL,99.44.179.95,112.195.243.240,28287,80
No,,,,,NORMAL,66.230.238.103,4.109.100.246,12009,8080
Yes,676.0,15.0,501.0,1551.0,ABNORMAL,183.226.233.246,235.151.250.252,62660,8080
Yes,1453.0,,,,NORMAL,166.159.224.82,202.3.30.250,32447,8080
Yes,471.0,8.0,,,NORMAL,255.140.196.58,138.3.202.223,7535,8080
No,,,,,NORMAL,120.57.28.194,43.235.132.226,38463,80
No,,,,,NORMAL,68.193.103.227,220.64.160.20,26559,443
Yes,1382.0,,,,NORMAL,92.201.53.251,57.159.151.61,24305,443
Yes,378.0,6.0,,,NORMAL,135.234.14.99,250.30.6.252,63260,443
Yes,1892.0,,,,NORMAL,218.78.160.242,0.146.244.110,41898,8080
Yes,518.0,15.0,435.0,672.0,NORMAL,192.249.82.128,152.65.217.7,18047,80
Yes,11.0,19.0,249.0,,NORMAL,212.69.80.245,15.141.240.128,20754,80
No,,,,,NORMAL,252.105.18.107,148.24.63.243,32925,8080
Yes,799.0,8.0,,,NORMAL,17.36.114.65,127.148.244.138,55779,8080
Yes,928.0,15.0,460.0,105.0,NORMAL,167.196.218.108,169.128.104.59,57015,443
Yes,862.0,5.0,,,NORMAL,62.92.201.203,63.198.178.32,11936,8080
No,,,,,NORMAL,103.206.164.136,254.245.205.66,30123,80
Yes,1889.0,,,,NORMAL,87.254.9.26,168.136.108.95,7760,80
No,,,,,NORMAL,14.113.137.55,114.146.0.60,56216,8080
Yes,649.0,10.0,,,NORMAL,85.50.74.27,240.164.53.223,27924,443
Yes,1509.0,,,,NORMAL,231.156.198.22,122.63.206.53,28041,443
No,,,,,NORMAL,164.134.100.127,228.8.13.77,34197,80
No,,,,,NORMAL,206.98.97.45,234.33.237.15,55634,8080
Yes,1087.0,,,,NORMAL,86.210.23.130,11.99.16.56,30445,80
Yes,258.0,15.0,509.0,1846.0,ABNORMAL,98.181.42.172,116.24.125.134,34774,8080
Yes,94.0,15.0,469.0,1150.0,ABNORMAL,233.139.166.113,79.63.139.124,22350,8080
Yes,473.0,12.0,499.0,1528.0,ABNORMAL,206.250.124.42,237.249.102.114,43452,443
Yes,239.0,19.0,518.0,1240.0,ABNORMAL,169.83.23.188,247.221.191.64,1371,80
Yes,547.0,20.0,424.0,1282.0,ABNORMAL,80.45.66.144,106.78.164.19,13437,80
Yes,697.0,16.0,460.0,1299.0,ABNORMAL,79.137.6.190,25.104.0.14,15343,8080
Yes,93.0,18.0,510.0,1955.0,ABNORMAL,52.172.31.74,93.182.36.100,42296,80
Yes,579.0,19.0,429.0,1450.0,ABNORMAL,103.75.209.105,244.16.185.170,35869,80
Yes,910.0,11.0,332.0,1484.0,ABNORMAL,180.31.26.200,117.86.252.32,14228,443
Yes,50.0,15.0,491.0,1536.0,ABNORMAL,56.209.102.90,146.150.161.234,43349,8080
Yes,966.0,13.0,440.0,1331.0,ABNORMAL,93.198.160.118,162.39.173.180,12872,443
Yes,218.0,14.0,314.0,1606.0,ABNORMAL,48.13.36.28,62.121.176.193,28582,443
Yes,571.0,14.0,539.0,1348.0,ABNORMAL,50.159.250.108,231.153.194.81,9535,8080
Yes,399.0,12.0,426.0,1159.0,ABNORMAL,255.73.19.200,79.225.126.20,50952,80
Yes,840.0,14.0,480.0,1423.0,ABNORMAL,146.167.124.68,69.123.199.10,37900,8080
Yes,603.0,19.0,416.0,1397.0,ABNORMAL,111.117.36.79,89.141.179.70,46712,80
Yes,830.0,19.0,463.0,1462.0,ABNORMAL,27.29.32.151,40.98.255.5,3492,443
Yes,123.0,16.0,334.0,1423.0,ABNORMAL,121.198.21.235,210.199.144.16,19048,80
Yes,890.0,12.0,475.0,1033.0,ABNORMAL,15.184.9.95,216.247.31.99,54033,80
Yes,352.0,12.0,455.0,1471.0,ABNORMAL,102.39.156.242,54.138.0.93,63746,443
Yes,741.0,17.0,311.0,1536.0,ABNORMAL,78.172.248.64,113.200.98.11,53580,443
Yes,735.0,18.0,456.0,1453.0,ABNORMAL,143.151.50.146,31.34.40.149,30021,8080
Yes,965.0,11.0,385.0,1048.0,ABNORMAL,175.100.161.182,66.165.41.214,36481,80
Yes,765.0,15.0,546.0,1324.0,ABNORMAL,123.151.74.14,117.225.29.79,7185,443
Yes,826.0,19.0,507.0,1804.0,ABNORMAL,37.188.129.205,119.134.45.204,64545,80
Yes,516.0,15.0,555.0,1599.0,ABNORMAL,118.245.220.245,99.95.98.70,12243,443
Yes,969.0,18.0,539.0,1949.0,ABNORMAL,167.5.208.254,129.115.18.246,24873,8080
Yes,363.0,18.0,495.0,1073.0,ABNORMAL,246.240.201.122,43.192.64.27,23983,80
Yes,138.0,12.0,356.0,1518.0,ABNORMAL,53.244.42.84,6.69.206.238,37332,80
Yes,506.0,13.0,580.0,1788.0,ABNORMAL,67.22.155.245,246.135.215.163,58637,80
Yes,127.0,19.0,571.0,1845.0,ABNORMAL,98.152.234.158,101.220.192.147,24730,8080
Yes,270.0,12.0,466.0,1158.0,ABNORMAL,98.26.111.163,60.110.59.89,48134,80
Yes,24.0,11.0,549.0,1170.0,ABNORMAL,143.219.104.130,212.179.219.47,44641,8080
Yes,362.0,20.0,500.0,1600.0,ABNORMAL,60.96.120.192,48.0.192.63,5543,80
Yes,309.0,15.0,542.0,1628.0,ABNORMAL,47.0.58.117,196.106.250.11,45935,443
Yes,819.0,13.0,392.0,1206.0,ABNORMAL,127.136.221.164,121.150.203.78,11818,8080
Yes,496.0,11.0,311.0,1350.0,ABNORMAL,232.11.160.43,6.142.232.33,56979,8080
Yes,955.0,12.0,487.0,1206.0,ABNORMAL,1.201.190.107,75.80.76.250,8110,80
Yes,302.0,14.0,517.0,1188.0,ABNORMAL,156.21.31.70,206.149.53.245,59400,443
Yes,964.0,11.0,339.0,1335.0,ABNORMAL,187.190.55.156,103.86.69.235,8958,8080
Yes,296.0,16.0,321.0,1507.0,ABNORMAL,167.212.227.116,225.185.118.219,4069,80
Yes,51.0,13.0,557.0,1104.0,ABNORMAL,106.115.138.32,80.132.207.202,5059,8080
Yes,695.0,12.0,329.0,1414.0,ABNORMAL,113.137.7.31,23.71.193.95,18496,8080
Yes,229.0,14.0,445.0,1658.0,ABNORMAL,94.0.76.175,86.190.75.134,52613,8080
Yes,979.0,15.0,446.0,1370.0,ABNORMAL,83.142.225.146,6.109.71.23,49924,443
Yes,179.0,19.0,564.0,1292.0,ABNORMAL,82.85.53.65,32.8.106.178,11255,80
Yes,238.0,17.0,529.0,1752.0,ABNORMAL,96.24.66.86,155.247.61.14,21791,8080
Yes,428.0,15.0,466.0,1389.0,ABNORMAL,146.101.47.247,247.4.156.176,23382,443
Yes,386.0,15.0,567.0,1488.0,ABNORMAL,103.240.150.36,140.50.253.68,50575,8080
Yes,104.0,11.0,328.0,1874.0,ABNORMAL,209.93.99.57,18.133.193.110,61935,8080
Yes,730.0,13.0,469.0,1013.0,ABNORMAL,250.94.63.149,76.89.166.23,63952,443
Yes,285.0,14.0,495.0,1030.0,ABNORMAL,218.92.187.89,46.97.203.69,58783,80
Yes,91.0,15.0,381.0,1799.0,ABNORMAL,100.228.154.171,128.39.143.75,3169,443
Yes,652.0,19.0,342.0,1329.0,ABNORMAL,128.220.99.230,217.218.239.20,10414,80
Yes,994.0,16.0,509.0,1744.0,ABNORMAL,80.97.87.145,112.179.99.156,22219,80
Yes,429.0,14.0,498.0,1321.0,ABNORMAL,44.148.208.142,224.4.152.167,23825,443
Yes,106.0,17.0,424.0,1534.0,ABNORMAL,106.170.153.10,210.237.28.118,30753,443
Yes,751.0,19.0,561.0,1211.0,ABNORMAL,184.193.200.126,234.52.156.123,9466,443
Yes,846.0,19.0,520.0,1661.0,ABNORMAL,62.17.150.84,204.175.77.162,30779,80
Yes,966.0,11.0,349.0,1596.0,ABNORMAL,200.27.42.26,22.133.166.29,34176,80
Yes,344.0,19.0,456.0,1952.0,ABNORMAL,247.93.25.138,242.222.176.90,48442,443
Yes,66.0,14.0,418.0,1915.0,ABNORMAL,175.205.126.164,249.68.206.68,63023,8080
Yes,847.0,18.0,376.0,1797.0,ABNORMAL,204.149.112.21,68.167.160.184,16346,80
Yes,749.0,16.0,417.0,1284.0,ABNORMAL,20.250.18.207,200.244.140.36,7038,443
Yes,303.0,12.0,310.0,1957.0,ABNORMAL,123.232.206.249,125.249.74.63,49545,8080
Yes,240.0,19.0,423.0,1753.0,ABNORMAL,48.101.249.244,245.21.253.1,10273,80
Yes,927.0,18.0,387.0,1706.0,ABNORMAL,168.111.67.99,194.23.171.55,16431,443
Yes,521.0,19.0,582.0,1363.0,ABNORMAL,185.223.198.73,215.90.82.218,53213,80
Yes,915.0,12.0,555.0,1316.0,ABNORMAL,216.49.36.88,123.81.118.98,48329,8080
Yes,146.0,19.0,426.0,1816.0,ABNORMAL,243.187.168.0,19.30.185.155,5135,80
Yes,874.0,15.0,472.0,1384.0,ABNORMAL,162.99.253.208,207.59.174.162,11628,8080
Yes,451.0,17.0,462.0,1776.0,ABNORMAL,186.206.158.29,79.181.178.223,14916,80
Yes,356.0,16.0,552.0,1296.0,ABNORMAL,129.242.108.29,51.178.211.175,20259,8080
Yes,145.0,19.0,350.0,1207.0,ABNORMAL,40.182.126.198,162.216.146.11,6423,80
Yes,534.0,20.0,325.0,1084.0,ABNORMAL,85.1.107.186,24.244.49.59,20267,8080
Yes,468.0,20.0,363.0,1788.0,ABNORMAL,178.188.128.188,13.110.61.18,42797,443
Yes,746.0,16.0,483.0,1113.0,ABNORMAL,1.154.106.92,210.231.104.38,10888,8080
Yes,480.0,12.0,557.0,1403.0,ABNORMAL,78.228.245.223,166.27.221.70,12840,8080
Yes,345.0,19.0,586.0,1041.0,ABNORMAL,142.167.114.152,149.238.207.199,30635,443
Yes,622.0,20.0,481.0,1652.0,ABNORMAL,178.57.170.48,203.153.39.70,17861,80
Yes,624.0,17.0,383.0,1806.0,ABNORMAL,221.206.234.155,17.221.237.66,59314,8080
Yes,738.0,15.0,587.0,1506.0,ABNORMAL,38.224.116.100,194.59.168.184,50254,8080
Yes,966.0,14.0,529.0,1406.0,ABNORMAL,252.172.117.216,126.24.91.203,18347,8080
Yes,177.0,17.0,422.0,1367.0,ABNORMAL,113.219.164.155,181.74.243.58,22381,80
Yes,429.0,15.0,448.0,1970.0,ABNORMAL,45.200.32.105,176.91.149.166,48663,80
Yes,684.0,17.0,506.0,1207.0,ABNORMAL,241.238.142.3,143.49.38.95,52972,8080
Yes,443.0,14.0,324.0,1559.0,ABNORMAL,252.65.179.69,254.194.44.93,17917,443
Yes,488.0,20.0,386.0,1502.0,ABNORMAL,75.189.241.78,255.102.155.229,6852,80
Yes,319.0,11.0,306.0,1292.0,ABNORMAL,169.236.251.220,121.44.50.25,51317,443
Yes,686.0,20.0,536.0,1195.0,ABNORMAL,86.13.233.245,118.153.244.55,35437,80
Yes,17.0,15.0,369.0,1168.0,ABNORMAL,96.0.154.5,173.171.64.193,59382,443
Yes,416.0,20.0,348.0,1777.0,ABNORMAL,74.38.169.197,25.117.60.213,43154,443
Yes,285.0,12.0,570.0,1034.0,ABNORMAL,61.64.103.56,88.4.88.187,11976,8080
Yes,651.0,11.0,398.0,1172.0,ABNORMAL,33.177.181.240,79.17.102.204,54216,8080
Yes,288.0,16.0,434.0,1112.0,ABNORMAL,72.142.85.189,141.172.1.8,4643,8080
Yes,474.0,20.0,549.0,1531.0,ABNORMAL,61.242.176.46,126.48.223.46,22239,80
Yes,246.0,14.0,416.0,1344.0,ABNORMAL,110.181.33.78,145.134.167.84,26442,80
Yes,511.0,20.0,531.0,1641.0,ABNORMAL,203.132.51.0,86.13.25.127,50559,443
Yes,617.0,19.0,387.0,1050.0,ABNORMAL,198.34.165.210,163.100.204.209,40929,80
Yes,159.0,12.0,337.0,1909.0,ABNORMAL,151.171.36.190,34.211.205.211,29711,8080
Yes,567.0,12.0,336.0,1475.0,ABNORMAL,248.135.68.104,101.40.231.30,62927,80
Yes,477.0,18.0,581.0,1687.0,ABNORMAL,21.141.161.249,223.128.196.159,22932,80
Yes,932.0,18.0,540.0,1396.0,ABNORMAL,124.159.76.155,142.199.209.12,15724,80
Yes,589.0,14.0,556.0,1798.0,ABNORMAL,218.1.9.20,1.57.13.94,12695,443
Yes,108.0,12.0,315.0,1564.0,ABNORMAL,22.240.226.186,29.25.182.46,63318,443
Yes,210.0,16.0,433.0,1942.0,ABNORMAL,254.167.249.192,235.107.183.50,46804,8080
Yes,705.0,13.0,442.0,1071.0,ABNORMAL,117.240.82.187,197.23.191.152,35040,80
Yes,734.0,17.0,540.0,1842.0,ABNORMAL,22.34.110.212,191.235.47.69,36395,443
Yes,772.0,11.0,478.0,1081.0,ABNORMAL,53.73.26.123,58.206.48.248,4176,80
Yes,720.0,18.0,339.0,1665.0,ABNORMAL,77.133.203.80,133.4.206.215,39744,80
Yes,336.0,15.0,483.0,1264.0,ABNORMAL,110.126.157.172,40.180.217.61,19521,8080
Yes,319.0,20.0,340.0,1625.0,ABNORMAL,18.227.102.44,171.236.144.11,39545,8080
Yes,21.0,14.0,385.0,1540.0,ABNORMAL,16.92.173.250,122.60.15.5,54852,8080
Yes,138.0,13.0,311.0,1145.0,ABNORMAL,176.200.86.96,11.15.154.126,38798,80
Yes,945.0,18.0,404.0,1620.0,ABNORMAL,45.115.164.168,205.253.81.203,16476,443
Yes,699.0,18.0,342.0,1100.0,ABNORMAL,34.38.253.60,246.177.159.36,52425,8080
Yes,93.0,11.0,561.0,1796.0,ABNORMAL,29.82.147.29,238.157.168.171,21352,8080
Yes,197.0,16.0,595.0,1551.0,ABNORMAL,121.12.182.72,108.2.177.244,64317,80
Yes,333.0,11.0,349.0,1224.0,ABNORMAL,74.248.83.39,17.115.149.158,28343,8080
Yes,922.0,16.0,313.0,1410.0,ABNORMAL,56.161.161.136,118.214.138.51,10283,443
Yes,980.0,15.0,322.0,1632.0,ABNORMAL,173.237.161.32,52.146.115.152,56798,80
Yes,1009.0,11.0,391.0,1108.0,ABNORMAL,238.203.171.250,251.4.181.69,61598,443
Yes,733.0,16.0,590.0,1755.0,ABNORMAL,104.90.93.165,248.36.94.73,25031,443
Yes,525.0,18.0,529.0,1524.0,ABNORMAL,254.74.141.79,240.182.63.55,42507,443
Yes,429.0,14.0,483.0,1827.0,ABNORMAL,88.250.251.97,192.97.202.78,11740,443
Yes,359.0,16.0,527.0,1558.0,ABNORMAL,131.4.24.231,183.250.64.105,7243,80
Yes,19.0,15.0,353.0,1510.0,ABNORMAL,56.231.158.206,218.42.153.241,13723,80
Yes,191.0,14.0,307.0,1701.0,ABNORMAL,66.59.144.253,26.82.160.119,26938,80
Yes,260.0,20.0,338.0,1192.0,ABNORMAL,138.233.20.225,35.243.26.119,58730,443
Yes,306.0,20.0,338.0,1867.0,ABNORMAL,142.179.0.206,88.132.131.223,17110,80
Yes,41.0,11.0,586.0,1497.0,ABNORMAL,88.35.253.177,85.46.240.109,12220,80
Yes,621.0,16.0,373.0,1947.0,ABNORMAL,70.17.169.180,9.95.99.89,64444,8080
Yes,217.0,17.0,535.0,1759.0,ABNORMAL,87.21.116.68,251.194.156.72,3306,443
Yes,398.0,14.0,444.0,1961.0,ABNORMAL,226.195.136.240,1.36.58.30,3396,443
Yes,713.0,13.0,399.0,1500.0,ABNORMAL,14.162.243.249,154.189.193.47,4777,80
Yes,171.0,20.0,380.0,1167.0,ABNORMAL,145.89.153.2,173.73.205.98,9917,80
Yes,292.0,20.0,431.0,1724.0,ABNORMAL,29.32.99.93,123.194.110.40,25814,80
Yes,718.0,16.0,443.0,1915.0,ABNORMAL,138.26.178.33,213.219.135.111,55821,443
Yes,841.0,17.0,305.0,1008.0,ABNORMAL,208.126.147.67,69.121.30.116,37676,80
Yes,916.0,18.0,577.0,1505.0,ABNORMAL,19.93.206.21,202.159.138.215,52213,8080
Yes,519.0,17.0,461.0,1014.0,ABNORMAL,83.246.178.13,70.24.194.184,44761,8080
Yes,645.0,13.0,312.0,1580.0,ABNORMAL,97.193.7.18,18.2.237.99,55132,8080
Yes,626.0,13.0,543.0,1183.0,ABNORMAL,105.46.85.151,67.7.153.240,36224,443
Yes,418.0,14.0,330.0,1461.0,ABNORMAL,121.163.106.237,74.126.41.231,23042,8080
Yes,587.0,11.0,318.0,1281.0,ABNORMAL,128.96.233.9,240.179.6.234,48472,8080
Yes,548.0,11.0,432.0,1031.0,ABNORMAL,155.40.122.210,87.12.7.12,52883,80
Yes,151.0,17.0,341.0,1162.0,ABNORMAL,86.157.188.40,141.33.213.83,2230,8080
Yes,915.0,18.0,582.0,1346.0,ABNORMAL,23.107.212.247,37.82.169.55,47846,8080
Yes,75.0,18.0,329.0,1794.0,ABNORMAL,205.122.235.66,86.106.77.201,44256,8080
Yes,693.0,16.0,396.0,1100.0,ABNORMAL,117.36.174.122,176.172.121.55,58969,443
Yes,604.0,12.0,526.0,1475.0,ABNORMAL,140.220.169.87,190.64.170.251,5669,80
Yes,559.0,15.0,523.0,1941.0,ABNORMAL,90.199.236.161,225.31.9.152,6028,80
Yes,622.0,17.0,421.0,1412.0,ABNORMAL,5.223.87.145,161.135.171.147,41556,443
Yes,854.0,15.0,547.0,1525.0,ABNORMAL,197.154.15.122,225.159.128.250,55008,80
Yes,234.0,13.0,379.0,1244.0,ABNORMAL,223.57.63.168,88.78.115.87,19721,80
Yes,612.0,16.0,420.0,1962.0,ABNORMAL,5.152.221.16,79.101.126.41,22758,443
Yes,870.0,14.0,342.0,1694.0,ABNORMAL,128.126.125.70,105.223.32.141,61248,80
Yes,510.0,15.0,529.0,1496.0,ABNORMAL,243.54.54.158,195.174.16.88,53179,8080
Yes,110.0,14.0,391.0,1430.0,ABNORMAL,103.25.163.64,216.64.222.124,39148,443
Yes,57.0,11.0,490.0,1433.0,ABNORMAL,150.187.138.74,190.236.69.251,63978,8080
Yes,873.0,13.0,582.0,1509.0,ABNORMAL,189.138.128.128,86.183.121.124,55949,80
Yes,706.0,20.0,585.0,1790.0,ABNORMAL,174.3.114.170,49.102.61.29,60109,8080
Yes,452.0,17.0,407.0,1304.0,ABNORMAL,174.69.107.65,64.22.93.173,35815,8080
Yes,82.0,19.0,328.0,1698.0,ABNORMAL,246.191.150.196,22.121.174.247,39683,443
Yes,914.0,17.0,513.0,1055.0,ABNORMAL,189.156.9.199,119.230.255.145,27069,443
Yes,344.0,16.0,513.0,1151.0,ABNORMAL,142.190.64.47,59.26.68.228,39683,8080
Yes,950.0,15.0,405.0,1090.0,ABNORMAL,190.148.69.150,82.23.51.110,40589,8080
Yes,915.0,20.0,507.0,1086.0,ABNORMAL,136.2.133.220,113.74.87.183,5451,443
Yes,608.0,20.0,387.0,1047.0,ABNORMAL,249.1.43.85,180.46.32.81,12480,80
Yes,734.0,19.0,438.0,1581.0,ABNORMAL,122.1.28.87,182.26.219.82,32750,8080
Yes,381.0,11.0,456.0,1147.0,ABNORMAL,160.7.112.141,160.83.31.123,21705,80
Yes,184.0,12.0,490.0,1774.0,ABNORMAL,167.107.195.101,112.204.157.240,50101,8080
Yes,740.0,16.0,465.0,1367.0,ABNORMAL,209.14.243.105,140.173.112.89,51016,8080
Yes,951.0,11.0,306.0,1336.0,ABNORMAL,211.239.143.147,1.160.253.239,38040,8080
Yes,932.0,16.0,507.0,1246.0,ABNORMAL,18.120.155.200,136.252.250.105,23582,8080
Yes,279.0,16.0,348.0,1345.0,ABNORMAL,113.49.200.10,241.10.226.38,14904,8080
Yes,801.0,15.0,527.0,1516.0,ABNORMAL,241.175.146.125,57.4.205.45,3970,443
Yes,3.0,12.0,488.0,1364.0,ABNORMAL,166.131.126.222,122.42.182.222,20910,8080
Yes,808.0,11.0,575.0,1942.0,ABNORMAL,251.169.171.175,45.87.160.17,16319,80
Yes,255.0,11.0,522.0,1304.0,ABNORMAL,59.27.181.241,211.90.97.231,9518,443
Yes,516.0,13.0,342.0,1488.0,ABNORMAL,110.213.220.54,105.172.24.92,51242,443
Yes,61.0,12.0,470.0,1774.0,ABNORMAL,98.174.94.76,235.175.1.23,58730,8080
Yes,289.0,19.0,542.0,1826.0,ABNORMAL,38.201.145.62,30.30.157.102,33098,8080
Yes,594.0,15.0,496.0,1505.0,ABNORMAL,90.207.66.112,56.173.39.61,14598,80
Yes,685.0,17.0,305.0,1587.0,ABNORMAL,222.234.167.162,109.210.161.151,51389,8080
Yes,36.0,11.0,374.0,1636.0,ABNORMAL,2.11.243.146,12.223.77.110,5357,443
Yes,946.0,17.0,497.0,1828.0,ABNORMAL,182.205.31.1,167.155.227.18,25306,80
Yes,672.0,20.0,489.0,1004.0,ABNORMAL,193.17.97.52,2.174.39.73,9226,443
Yes,798.0,14.0,320.0,1661.0,ABNORMAL,236.169.128.254,37.177.104.64,46188,80
Yes,163.0,12.0,590.0,1278.0,ABNORMAL,69.195.56.30,50.172.242.208,18970,443
Yes,250.0,20.0,493.0,1145.0,ABNORMAL,146.153.102.87,104.24.37.180,52515,443
Yes,739.0,20.0,511.0,1667.0,ABNORMAL,27.102.170.65,62.145.212.100,5794,80
Yes,384.0,14.0,427.0,1190.0,ABNORMAL,119.2.77.176,98.126.244.239,64530,8080
Yes,270.0,20.0,343.0,1657.0,ABNORMAL,105.8.195.158,7.38.38.128,21732,80
Yes,428.0,20.0,484.0,1530.0,ABNORMAL,5.169.206.224,148.243.30.125,37676,80
Yes,246.0,18.0,549.0,1859.0,ABNORMAL,196.45.58.47,34.160.111.74,28045,443
Yes,762.0,16.0,576.0,1352.0,ABNORMAL,43.60.137.223,75.227.75.58,61366,8080
Yes,635.0,13.0,575.0,1964.0,ABNORMAL,136.132.93.61,98.207.108.86,31434,8080
Yes,36.0,14.0,464.0,1275.0,ABNORMAL,94.217.26.16,24.161.243.222,27560,8080
Yes,88.0,18.0,359.0,1203.0,ABNORMAL,51.157.74.60,205.105.169.54,62891,80
Yes,612.0,14.0,307.0,1877.0,ABNORMAL,253.34.231.20,85.64.233.179,56332,8080
Yes,613.0,12.0,416.0,1444.0,ABNORMAL,181.249.224.129,190.90.251.112,11505,443
Yes,458.0,12.0,515.0,1324.0,ABNORMAL,114.244.68.58,43.183.178.183,49032,8080
Yes,661.0,16.0,364.0,1780.0,ABNORMAL,2.226.238.42,114.106.1.139,36381,8080
Yes,266.0,15.0,347.0,1652.0,ABNORMAL,196.247.229.244,127.65.47.78,62782,8080
Yes,363.0,13.0,587.0,1978.0,ABNORMAL,183.52.107.208,33.217.24.83,62067,8080
Yes,663.0,20.0,432.0,1424.0,ABNORMAL,68.89.211.250,229.158.146.83,3629,443
Yes,415.0,20.0,305.0,1690.0,ABNORMAL,107.138.173.104,8.28.157.23,61733,443
Yes,121.0,15.0,528.0,1427.0,ABNORMAL,169.49.240.192,49.82.195.151,53436,443
Yes,927.0,19.0,411.0,1345.0,ABNORMAL,176.75.43.124,119.214.57.84,2579,443
Yes,598.0,14.0,521.0,1570.0,ABNORMAL,202.250.87.53,79.178.118.67,6561,8080
Yes,529.0,14.0,513.0,1180.0,ABNORMAL,161.222.97.164,62.6.115.197,42959,80
Yes,374.0,12.0,424.0,1527.0,ABNORMAL,126.185.36.143,131.156.72.225,7423,443
Yes,984.0,11.0,451.0,1427.0,ABNORMAL,56.171.110.73,254.137.236.113,32726,8080
Yes,475.0,13.0,328.0,1825.0,ABNORMAL,93.198.53.249,13.143.35.137,7774,443
Yes,478.0,20.0,337.0,1050.0,ABNORMAL,56.245.245.121,143.55.44.156,48680,80
Yes,333.0,17.0,375.0,1010.0,ABNORMAL,233.155.71.213,89.52.185.13,40676,80
Yes,318.0,20.0,358.0,1160.0,ABNORMAL,85.222.255.252,150.138.229.200,19056,443
Yes,670.0,18.0,356.0,1515.0,ABNORMAL,89.47.105.75,28.217.244.130,11272,80
Yes,937.0,20.0,520.0,1865.0,ABNORMAL,2.112.199.27,205.141.96.236,42446,8080
Yes,539.0,20.0,520.0,1143.0,ABNORMAL,74.111.147.211,140.42.35.239,41555,80
Yes,487.0,17.0,435.0,1742.0,ABNORMAL,89.253.141.159,111.8.10.143,56130,443
Yes,66.0,18.0,495.0,1460.0,ABNORMAL,100.94.14.221,211.85.85.162,51386,80
Yes,931.0,14.0,358.0,1319.0,ABNORMAL,50.195.77.56,2.189.188.28,13577,443
Yes,525.0,12.0,439.0,1713.0,ABNORMAL,123.185.202.61,49.214.108.233,54969,443
Yes,873.0,12.0,414.0,1873.0,ABNORMAL,5.18.235.9,97.128.45.9,18381,8080
Yes,593.0,13.0,308.0,1748.0,ABNORMAL,80.36.172.149,250.94.216.145,10061,80
Yes,574.0,15.0,469.0,1432.0,ABNORMAL,79.126.1.20,219.18.194.59,20343,80
Yes,852.0,17.0,342.0,1059.0,ABNORMAL,150.80.31.84,178.163.131.80,41380,80
Yes,934.0,13.0,410.0,1110.0,ABNORMAL,139.192.212.90,31.49.25.104,24879,80
Yes,260.0,13.0,544.0,1696.0,ABNORMAL,84.16.113.32,168.167.122.158,14424,443
Yes,102.0,19.0,556.0,1645.0,ABNORMAL,68.226.240.76,95.202.0.249,40836,443
Yes,689.0,12.0,327.0,1660.0,ABNORMAL,236.52.219.3,69.133.37.95,1059,443
Yes,357.0,16.0,351.0,1937.0,ABNORMAL,190.127.70.22,132.70.223.195,46826,8080
Yes,99.0,20.0,324.0,1404.0,ABNORMAL,231.246.23.151,220.251.65.217,40065,443
Yes,719.0,13.0,458.0,1146.0,ABNORMAL,187.203.99.209,91.18.100.156,53283,8080
Yes,72.0,13.0,402.0,1987.0,ABNORMAL,54.161.228.33,33.172.155.35,62391,80
Yes,811.0,19.0,464.0,1169.0,ABNORMAL,252.185.199.81,252.121.129.195,51326,8080
Yes,678.0,16.0,585.0,1878.0,ABNORMAL,162.180.9.44,95.61.231.142,16899,80
Yes,1003.0,12.0,334.0,1453.0,ABNORMAL,170.145.96.229,174.209.137.185,59077,443
Yes,615.0,20.0,332.0,1163.0,ABNORMAL,194.114.88.185,241.108.33.53,56062,443
Yes,554.0,15.0,582.0,1853.0,ABNORMAL,164.202.146.15,171.252.142.106,49779,8080
Yes,908.0,11.0,588.0,1877.0,ABNORMAL,227.211.23.16,134.86.243.121,59291,8080
Yes,886.0,13.0,519.0,1462.0,ABNORMAL,48.6.39.133,221.167.226.168,33410,80
Yes,297.0,18.0,563.0,1784.0,ABNORMAL,211.164.52.5,99.65.40.190,60659,443
Yes,125.0,18.0,435.0,1546.0,ABNORMAL,156.132.158.240,130.149.33.40,50837,80
Yes,249.0,18.0,331.0,1902.0,ABNORMAL,149.204.42.157,158.193.146.194,11747,8080
Yes,682.0,11.0,359.0,1784.0,ABNORMAL,243.28.168.60,205.18.152.53,57030,80
Yes,192.0,19.0,542.0,1327.0,ABNORMAL,63.2.84.129,0.222.0.254,53914,8080
Yes,1013.0,11.0,331.0,1602.0,ABNORMAL,166.183.21.116,90.191.201.221,6067,8080
Yes,489.0,16.0,558.0,1600.0,ABNORMAL,104.81.66.11,86.196.141.124,54556,8080
Yes,598.0,15.0,436.0,1376.0,ABNORMAL,250.9.101.230,121.133.220.13,27183,80
Yes,58.0,20.0,570.0,1218.0,ABNORMAL,176.233.126.154,1.80.147.189,1964,80
Yes,922.0,18.0,596.0,1069.0,ABNORMAL,150.101.51.43,224.219.200.225,48029,8080
Yes,928.0,11.0,361.0,1995.0,ABNORMAL,152.187.115.232,208.186.111.206,51982,80
Yes,692.0,13.0,385.0,1611.0,ABNORMAL,5.172.58.183,236.47.90.87,41369,80
Yes,722.0,11.0,350.0,1939.0,ABNORMAL,167.162.98.15,200.41.18.62,3946,443
Yes,122.0,11.0,449.0,1824.0,ABNORMAL,222.244.223.68,216.44.45.91,1212,80
Yes,890.0,12.0,308.0,1315.0,ABNORMAL,192.8.101.156,2.223.167.163,45804,443
Yes,36.0,20.0,349.0,1322.0,ABNORMAL,22.215.82.107,211.154.58.129,58915,80
Yes,820.0,13.0,550.0,1152.0,ABNORMAL,189.169.194.9,76.192.111.60,39582,8080
Yes,247.0,13.0,318.0,1170.0,ABNORMAL,97.96.235.42,223.249.176.138,7902,80
Yes,379.0,16.0,552.0,1427.0,ABNORMAL,125.184.244.253,74.232.97.124,42605,443
Yes,635.0,13.0,487.0,1982.0,ABNORMAL,213.163.126.185,19.253.84.210,45322,443
Yes,569.0,11.0,497.0,1722.0,ABNORMAL,99.135.197.181,155.63.98.157,57257,8080
Yes,740.0,12.0,331.0,1116.0,ABNORMAL,20.10.196.6,63.144.148.83,27941,8080
Yes,244.0,13.0,467.0,1212.0,ABNORMAL,31.149.47.199,26.23.1.31,45069,8080
Yes,799.0,14.0,376.0,1489.0,ABNORMAL,0.48.126.161,74.166.149.12,15222,80
Yes,194.0,18.0,499.0,1162.0,ABNORMAL,94.238.148.254,163.174.127.117,36801,443
Yes,301.0,16.0,585.0,1580.0,ABNORMAL,250.16.13.246,33.53.68.244,57182,8080
Yes,769.0,11.0,329.0,1640.0,ABNORMAL,223.86.187.41,231.88.251.183,26338,8080
Yes,757.0,17.0,361.0,1225.0,ABNORMAL,171.106.222.100,132.144.146.198,57132,443
Yes,725.0,18.0,406.0,1366.0,ABNORMAL,70.148.230.55,77.62.88.149,1367,80
Yes,665.0,13.0,464.0,1472.0,ABNORMAL,178.121.146.199,83.87.36.54,17059,443
Yes,516.0,18.0,351.0,1168.0,ABNORMAL,185.41.148.151,109.52.30.247,53156,80
Yes,132.0,13.0,380.0,1531.0,ABNORMAL,255.148.135.62,67.141.115.156,14884,8080
Yes,45.0,20.0,519.0,1504.0,ABNORMAL,164.189.227.82,25.171.164.84,54145,443
Yes,436.0,16.0,563.0,1152.0,ABNORMAL,92.148.198.114,6.106.51.207,38442,80
Yes,691.0,19.0,464.0,1577.0,ABNORMAL,69.110.222.188,185.106.184.94,1849,443
Yes,792.0,20.0,599.0,1005.0,ABNORMAL,94.84.33.82,162.139.92.213,19749,443
Yes,760.0,16.0,388.0,1348.0,ABNORMAL,21.197.12.100,201.4.168.154,3277,443
Yes,517.0,11.0,309.0,1453.0,ABNORMAL,72.107.173.41,62.226.216.252,29079,443
Yes,876.0,17.0,455.0,1877.0,ABNORMAL,210.161.84.141,194.56.219.217,30157,443
Yes,513.0,14.0,358.0,1445.0,ABNORMAL,90.224.37.77,204.129.151.91,33238,8080
Yes,624.0,17.0,468.0,1089.0,ABNORMAL,6.77.254.220,228.61.221.122,51784,8080
Yes,228.0,19.0,365.0,1886.0,ABNORMAL,159.142.56.42,112.1.241.252,14387,80
Yes,689.0,20.0,394.0,1272.0,ABNORMAL,55.56.37.87,153.195.234.27,32838,80
Yes,971.0,19.0,474.0,1768.0,ABNORMAL,209.64.45.24,126.12.13.250,1104,443
Yes,177.0,19.0,415.0,1426.0,ABNORMAL,151.172.238.226,245.19.80.228,19341,8080
Yes,763.0,16.0,301.0,1883.0,ABNORMAL,100.149.181.238,133.107.144.94,16454,8080
Yes,21.0,11.0,386.0,1077.0,ABNORMAL,95.201.101.75,62.148.108.32,11402,8080
Yes,537.0,12.0,404.0,1337.0,ABNORMAL,70.157.135.236,112.10.165.3,8631,80
Yes,1016.0,19.0,594.0,1733.0,ABNORMAL,144.3.213.252,221.228.81.91,8978,8080
Yes,85.0,15.0,476.0,1520.0,ABNORMAL,5.17.123.221,185.126.2.114,15538,80
Yes,196.0,19.0,524.0,1448.0,ABNORMAL,237.241.48.116,230.85.9.149,48248,8080
Yes,812.0,18.0,317.0,1013.0,ABNORMAL,199.125.177.155,112.177.169.62,14485,443
Yes,620.0,13.0,453.0,1379.0,ABNORMAL,23.34.16.7,91.64.96.69,11869,8080
Yes,876.0,17.0,480.0,1885.0,ABNORMAL,19.239.207.201,46.96.100.115,51804,80
Yes,322.0,16.0,572.0,1035.0,ABNORMAL,180.181.218.24,171.106.214.207,10402,80
Yes,350.0,17.0,437.0,1641.0,ABNORMAL,69.188.161.82,163.154.1.238,57673,8080
Yes,1022.0,14.0,344.0,1638.0,ABNORMAL,103.49.53.138,25.62.235.201,31344,443
Yes,121.0,11.0,588.0,1547.0,ABNORMAL,8.58.75.208,84.166.151.208,57313,8080
Yes,246.0,15.0,539.0,1668.0,ABNORMAL,23.233.71.112,148.16.64.72,63863,80
Yes,676.0,16.0,520.0,1253.0,ABNORMAL,185.241.145.238,227.251.213.136,45309,80
Yes,180.0,12.0,569.0,1556.0,ABNORMAL,247.201.92.77,177.170.123.233,14596,8080
Yes,298.0,16.0,467.0,1209.0,ABNORMAL,31.240.33.61,50.177.180.35,45623,8080
Yes,738.0,18.0,483.0,1977.0,ABNORMAL,171.30.56.120,139.17.190.228,62391,80
Yes,355.0,15.0,511.0,1510.0,ABNORMAL,93.254.187.82,151.75.30.118,57009,80
Yes,934.0,16.0,461.0,1163.0,ABNORMAL,91.35.82.238,220.70.239.14,10503,443
Yes,1009.0,15.0,406.0,1922.0,ABNORMAL,179.155.128.188,22.198.193.121,56896,80
Yes,486.0,19.0,405.0,1285.0,ABNORMAL,113.63.166.37,249.24.163.109,47117,443
Yes,919.0,19.0,489.0,1546.0,ABNORMAL,151.192.54.184,93.84.170.65,36376,80
Yes,793.0,17.0,545.0,1056.0,ABNORMAL,249.36.214.14,238.241.220.197,49996,443
Yes,386.0,12.0,526.0,1139.0,ABNORMAL,215.3.126.111,151.233.76.1,42930,8080
Yes,397.0,17.0,438.0,1270.0,ABNORMAL,1.168.82.1,187.90.99.76,59819,8080
Yes,713.0,20.0,440.0,1472.0,ABNORMAL,50.211.241.87,5.0.52.111,50532,8080
Yes,38.0,12.0,553.0,1782.0,ABNORMAL,147.4.58.230,90.83.131.80,58637,80
Yes,583.0,20.0,533.0,1815.0,ABNORMAL,223.183.249.238,10.37.52.138,14386,443
Yes,358.0,15.0,321.0,1272.0,ABNORMAL,208.176.234.114,130.221.184.207,55021,8080
Yes,7.0,15.0,317.0,1660.0,ABNORMAL,114.5.32.63,62.192.45.90,15494,80
Yes,621.0,18.0,309.0,1509.0,ABNORMAL,148.110.77.101,232.137.227.27,48502,443
Yes,1021.0,20.0,597.0,1117.0,ABNORMAL,132.138.53.45,174.148.43.208,25916,8080
Yes,718.0,20.0,492.0,1784.0,ABNORMAL,173.34.169.172,210.195.18.141,22245,8080
Yes,284.0,14.0,443.0,1306.0,ABNORMAL,73.94.240.144,131.16.244.246,26556,443
Yes,621.0,16.0,349.0,1224.0,ABNORMAL,80.97.96.214,153.74.171.164,53931,80
Yes,863.0,18.0,390.0,1875.0,ABNORMAL,148.236.171.169,46.7.109.41,12924,8080
Yes,375.0,14.0,378.0,1682.0,ABNORMAL,23.43.53.185,178.253.127.247,43125,443
Yes,157.0,11.0,359.0,1672.0,ABNORMAL,236.181.103.28,103.217.253.226,43246,80
Yes,174.0,15.0,409.0,1582.0,ABNORMAL,190.59.93.150,116.216.205.193,59358,80
Yes,303.0,14.0,464.0,1458.0,ABNORMAL,108.0.97.49,171.92.222.180,13922,80
Yes,277.0,11.0,353.0,1363.0,ABNORMAL,157.131.16.244,113.56.106.11,43142,443
Yes,968.0,13.0,559.0,1917.0,ABNORMAL,136.78.178.114,36.241.132.94,56793,8080
Yes,66.0,16.0,547.0,1483.0,ABNORMAL,69.186.85.103,194.157.133.247,15544,8080
Yes,492.0,16.0,596.0,1543.0,ABNORMAL,101.76.220.71,153.106.45.209,8260,80
Yes,647.0,19.0,521.0,1029.0,ABNORMAL,236.134.171.144,200.253.95.153,8528,8080
Yes,266.0,16.0,588.0,1498.0,ABNORMAL,0.247.212.48,134.190.5.179,10366,443
Yes,1006.0,17.0,463.0,1376.0,ABNORMAL,34.250.27.229,53.248.52.211,50019,80
Yes,590.0,18.0,349.0,1955.0,ABNORMAL,49.183.30.171,116.44.4.14,28051,80
Yes,646.0,17.0,535.0,1853.0,ABNORMAL,206.202.45.122,205.115.244.227,28545,8080
Yes,406.0,12.0,411.0,1256.0,ABNORMAL,3.193.153.221,56.230.254.216,42897,443
Yes,517.0,17.0,351.0,1998.0,ABNORMAL,48.177.173.210,205.10.31.3,15185,8080
Yes,445.0,16.0,533.0,1067.0,ABNORMAL,252.32.180.191,182.96.136.140,12119,443
Yes,811.0,11.0,558.0,1098.0,ABNORMAL,134.72.186.216,181.61.123.153,56068,443
Yes,222.0,16.0,420.0,1749.0,ABNORMAL,169.125.197.239,244.172.42.200,34542,443
Yes,683.0,15.0,567.0,1280.0,ABNORMAL,127.161.67.32,104.194.143.202,15114,80
Yes,835.0,12.0,437.0,1666.0,ABNORMAL,239.17.33.245,212.222.160.95,46408,8080
Yes,560.0,11.0,416.0,1321.0,ABNORMAL,18.215.201.186,249.250.121.172,56185,8080
Yes,518.0,18.0,395.0,1350.0,ABNORMAL,84.126.206.75,191.213.58.142,54623,8080
Yes,416.0,18.0,538.0,1586.0,ABNORMAL,251.69.201.204,213.48.80.242,24083,443
Yes,571.0,15.0,451.0,1084.0,ABNORMAL,147.250.240.46,35.107.130.164,23581,80
Yes,320.0,15.0,594.0,1232.0,ABNORMAL,161.115.75.145,109.144.241.42,23987,443
Yes,726.0,17.0,422.0,1210.0,ABNORMAL,177.90.122.255,30.152.202.18,19663,8080
Yes,693.0,18.0,478.0,1654.0,ABNORMAL,221.108.163.18,167.172.120.58,51110,80
Yes,513.0,15.0,496.0,1330.0,ABNORMAL,248.143.185.143,171.205.107.63,30685,80
Yes,585.0,11.0,394.0,1484.0,ABNORMAL,240.15.105.114,145.111.91.141,63760,80
Yes,921.0,13.0,473.0,1214.0,ABNORMAL,80.162.35.163,144.19.228.205,24900,80
Yes,328.0,18.0,582.0,1972.0,ABNORMAL,141.87.157.160,2.189.192.162,14192,8080
Yes,1019.0,13.0,495.0,1579.0,ABNORMAL,178.235.62.140,166.184.118.253,4188,8080
Yes,498.0,14.0,423.0,1100.0,ABNORMAL,200.105.189.223,137.20.205.160,26099,80
Yes,536.0,18.0,516.0,1906.0,ABNORMAL,195.217.37.83,63.227.175.190,54782,80
Yes,644.0,19.0,600.0,1525.0,ABNORMAL,144.40.116.13,158.150.162.123,12480,8080
Yes,963.0,15.0,577.0,1051.0,ABNORMAL,93.135.145.28,157.26.29.227,8754,80
Yes,314.0,20.0,344.0,1960.0,ABNORMAL,67.114.91.98,147.81.193.252,28228,8080
Yes,202.0,11.0,384.0,1939.0,ABNORMAL,90.157.70.30,100.171.29.100,3971,80
Yes,247.0,12.0,552.0,1453.0,ABNORMAL,201.137.45.165,54.76.10.2,37413,80
Yes,793.0,16.0,574.0,1373.0,ABNORMAL,231.206.150.156,23.229.63.99,43538,443
Yes,940.0,11.0,451.0,1068.0,ABNORMAL,25.210.145.16,15.13.7.6,28426,443
Yes,231.0,15.0,383.0,1859.0,ABNORMAL,32.179.184.164,219.117.91.238,15809,80
Yes,582.0,16.0,350.0,1357.0,ABNORMAL,126.155.232.144,247.125.2.161,35102,443
Yes,570.0,15.0,520.0,1641.0,ABNORMAL,200.33.7.104,5.218.1.159,44661,8080
Yes,868.0,12.0,378.0,1838.0,ABNORMAL,163.206.203.254,26.129.137.107,21710,443
Yes,1020.0,17.0,358.0,1285.0,ABNORMAL,205.92.139.213,214.21.226.114,30853,443
Yes,60.0,18.0,328.0,1675.0,ABNORMAL,29.195.92.240,73.50.74.182,65115,8080
Yes,409.0,12.0,413.0,1068.0,ABNORMAL,41.153.110.73,191.240.48.16,7940,80
Yes,824.0,15.0,418.0,1086.0,ABNORMAL,78.1.195.209,185.126.83.33,7572,8080
Yes,824.0,11.0,585.0,1786.0,ABNORMAL,180.186.237.106,45.145.16.207,29495,443
Yes,601.0,15.0,367.0,1560.0,ABNORMAL,250.175.53.157,168.4.150.11,58653,8080
Yes,934.0,12.0,432.0,1047.0,ABNORMAL,37.227.165.171,54.76.224.70,10994,80
Yes,23.0,12.0,383.0,1883.0,ABNORMAL,237.204.167.28,198.117.48.73,31430,8080
Yes,861.0,13.0,303.0,1456.0,ABNORMAL,123.90.70.112,33.3.202.44,48776,80
Yes,255.0,12.0,476.0,1574.0,ABNORMAL,39.202.68.102,186.23.175.98,35572,80
Yes,229.0,15.0,358.0,1071.0,ABNORMAL,43.94.199.150,58.71.36.54,30236,8080
Yes,131.0,11.0,596.0,1132.0,ABNORMAL,29.46.222.243,0.91.28.48,22862,443
Yes,692.0,12.0,481.0,1233.0,ABNORMAL,47.159.240.159,134.196.1.154,50138,8080
Yes,794.0,17.0,451.0,1814.0,ABNORMAL,121.194.185.36,42.236.3.4,30488,80
Yes,29.0,13.0,367.0,1990.0,ABNORMAL,0.212.0.197,236.150.126.104,45639,8080
Yes,839.0,16.0,582.0,1672.0,ABNORMAL,50.206.19.2,215.88.156.165,37038,80
Yes,670.0,15.0,308.0,1200.0,ABNORMAL,51.56.199.37,123.168.18.161,52866,8080
Yes,261.0,15.0,478.0,1998.0,ABNORMAL,127.151.65.226,14.159.242.66,62422,80
Yes,452.0,16.0,440.0,1469.0,ABNORMAL,164.29.77.61,76.194.199.213,8547,80
Yes,369.0,20.0,474.0,1004.0,ABNORMAL,194.194.105.20,202.216.54.80,30362,8080
Yes,815.0,18.0,475.0,1790.0,ABNORMAL,20.139.179.72,249.176.154.157,2600,80
Yes,292.0,11.0,399.0,1346.0,ABNORMAL,146.41.116.85,16.9.154.4,44314,80
Yes,434.0,13.0,574.0,1127.0,ABNORMAL,148.77.96.250,104.98.169.209,32459,8080
Yes,1016.0,13.0,511.0,1438.0,ABNORMAL,183.200.44.182,246.54.169.252,51404,443
Yes,760.0,15.0,484.0,1289.0,ABNORMAL,131.227.58.205,251.117.192.211,62174,80
Yes,754.0,17.0,463.0,1342.0,ABNORMAL,134.159.91.98,224.128.175.74,12168,8080
Yes,72.0,11.0,553.0,1321.0,ABNORMAL,216.68.16.16,228.78.181.107,22993,8080
Yes,341.0,15.0,462.0,1531.0,ABNORMAL,69.168.82.249,27.1.173.175,44942,8080
Yes,2.0,16.0,407.0,1493.0,ABNORMAL,35.68.121.190,4.12.124.181,36288,443
Yes,781.0,14.0,525.0,1658.0,ABNORMAL,133.9.252.21,206.107.184.145,4906,443
Yes,801.0,12.0,496.0,1276.0,ABNORMAL,183.138.59.47,83.106.48.102,44288,443
Yes,985.0,11.0,421.0,1260.0,ABNORMAL,157.98.185.144,254.228.123.25,35572,443
Yes,587.0,15.0,390.0,1218.0,ABNORMAL,117.86.252.84,47.179.27.79,43880,8080
Yes,917.0,13.0,336.0,1308.0,ABNORMAL,134.234.178.185,82.200.197.237,62818,443
Yes,132.0,11.0,356.0,1510.0,ABNORMAL,42.215.68.55,97.191.156.86,6820,8080
Yes,345.0,11.0,580.0,1334.0,ABNORMAL,33.230.163.1,178.106.157.214,25188,8080
Yes,626.0,14.0,429.0,1428.0,ABNORMAL,226.114.137.149,194.122.53.181,56477,443
Yes,249.0,12.0,534.0,1751.0,ABNORMAL,4.42.116.207,204.11.47.83,50028,8080
Yes,631.0,16.0,514.0,1146.0,ABNORMAL,133.121.118.160,33.66.159.194,23346,80
Yes,848.0,19.0,447.0,1750.0,ABNORMAL,167.251.54.37,163.230.162.36,15371,80
Yes,982.0,13.0,477.0,1147.0,ABNORMAL,94.190.50.78,163.6.106.186,17055,80
Yes,242.0,13.0,447.0,1191.0,ABNORMAL,251.216.77.243,238.155.192.123,55493,8080
Yes,607.0,14.0,316.0,1669.0,ABNORMAL,218.159.121.115,47.39.162.215,6481,80
Yes,86.0,17.0,480.0,1466.0,ABNORMAL,222.54.95.110,44.250.240.232,11244,8080
Yes,378.0,19.0,367.0,1101.0,ABNORMAL,247.189.230.16,253.176.224.255,65019,80
Yes,495.0,14.0,390.0,1845.0,ABNORMAL,229.83.31.35,142.101.193.18,55950,443
Yes,430.0,14.0,376.0,1528.0,ABNORMAL,162.196.185.236,103.16.128.141,24000,443
Yes,749.0,16.0,419.0,1255.0,ABNORMAL,87.232.15.203,37.0.84.161,21002,80
Yes,516.0,14.0,472.0,1132.0,ABNORMAL,36.134.127.136,213.120.226.37,17849,8080
Yes,241.0,19.0,374.0,1519.0,ABNORMAL,37.239.198.193,213.217.233.253,60385,80
Yes,618.0,19.0,381.0,1154.0,ABNORMAL,165.126.27.210,249.90.66.12,27073,8080
Yes,126.0,12.0,348.0,1154.0,ABNORMAL,161.243.33.250,15.182.122.218,34542,80
Yes,29.0,16.0,594.0,1442.0,ABNORMAL,162.122.121.122,252.115.198.221,29896,80
Yes,680.0,13.0,550.0,1219.0,ABNORMAL,171.219.69.203,228.32.119.68,48439,8080
Yes,947.0,19.0,482.0,1536.0,ABNORMAL,15.175.21.36,86.87.121.203,48508,80
Yes,671.0,13.0,427.0,1688.0,ABNORMAL,180.193.92.154,187.195.30.223,26943,8080
Yes,807.0,16.0,400.0,1276.0,ABNORMAL,26.172.253.68,144.151.99.103,45376,443
Yes,573.0,20.0,552.0,1152.0,ABNORMAL,61.72.76.198,66.55.238.224,6801,80
Yes,333.0,15.0,479.0,1905.0,ABNORMAL,16.57.58.125,96.89.165.122,60535,80
Yes,649.0,18.0,496.0,1642.0,ABNORMAL,85.133.131.53,50.144.227.68,9651,443
Yes,466.0,16.0,395.0,1992.0,ABNORMAL,202.4.105.196,26.46.98.11,20370,8080
Yes,85.0,12.0,465.0,1561.0,ABNORMAL,233.91.95.118,37.157.104.78,57663,443
Yes,465.0,13.0,442.0,1438.0,ABNORMAL,37.136.99.98,193.204.234.5,55678,8080
Yes,955.0,17.0,476.0,1819.0,ABNORMAL,156.100.35.46,196.188.64.10,6630,443
Yes,284.0,19.0,327.0,1100.0,ABNORMAL,81.154.126.48,139.30.77.250,48560,8080
Yes,991.0,12.0,530.0,1695.0,ABNORMAL,206.61.81.172,62.197.199.181,14588,443
Yes,163.0,17.0,590.0,1148.0,ABNORMAL,29.104.74.166,43.220.65.58,64249,443
Yes,544.0,17.0,332.0,1047.0,ABNORMAL,140.63.254.15,200.222.233.188,48815,443
Yes,695.0,17.0,428.0,1418.0,ABNORMAL,125.31.227.154,99.214.101.55,7926,443
Yes,269.0,19.0,502.0,1035.0,ABNORMAL,201.158.10.139,161.8.83.213,20250,8080
Yes,581.0,11.0,332.0,1138.0,ABNORMAL,201.253.76.204,179.62.136.24,10063,8080
Yes,438.0,16.0,594.0,1017.0,ABNORMAL,182.144.240.125,181.207.107.220,42589,80
Yes,918.0,19.0,581.0,1708.0,ABNORMAL,124.51.11.43,210.2.101.156,34748,80
Yes,986.0,19.0,445.0,1556.0,ABNORMAL,28.85.58.121,139.254.102.220,32500,8080
Yes,138.0,19.0,471.0,1756.0,ABNORMAL,64.212.250.224,79.65.148.24,56169,8080
Yes,832.0,20.0,380.0,1274.0,ABNORMAL,205.110.196.21,48.152.146.194,55955,80
Yes,468.0,15.0,530.0,1403.0,ABNORMAL,15.6.140.69,158.30.163.86,24971,8080
Yes,817.0,16.0,304.0,1030.0,ABNORMAL,125.156.147.219,191.158.219.54,60127,443
Yes,859.0,18.0,472.0,1320.0,ABNORMAL,155.70.42.217,232.160.49.232,1573,443
Yes,821.0,14.0,456.0,1679.0,ABNORMAL,9.33.176.133,223.227.203.94,8243,443
Yes,532.0,14.0,470.0,1554.0,ABNORMAL,5.109.55.125,144.56.43.137,14948,8080
Yes,217.0,15.0,302.0,1753.0,ABNORMAL,60.222.142.139,167.190.10.40,59008,80
Yes,890.0,13.0,539.0,1208.0,ABNORMAL,55.187.209.92,150.197.250.179,4533,80
Yes,359.0,13.0,350.0,1355.0,ABNORMAL,28.184.108.182,242.177.207.5,42411,80
Yes,837.0,14.0,427.0,1653.0,ABNORMAL,69.211.69.246,160.82.143.132,16776,443
Yes,491.0,17.0,596.0,1935.0,ABNORMAL,78.127.14.57,166.157.148.213,27101,8080
Yes,922.0,17.0,590.0,1363.0,ABNORMAL,190.99.86.60,72.135.130.151,1430,80
Yes,674.0,14.0,376.0,1607.0,ABNORMAL,224.95.95.201,33.79.70.56,34408,8080
Yes,737.0,12.0,598.0,1115.0,ABNORMAL,218.168.227.173,128.166.226.147,36896,80
Yes,526.0,12.0,352.0,1510.0,ABNORMAL,224.207.180.124,22.12.238.113,5700,8080
Yes,464.0,19.0,474.0,1599.0,ABNORMAL,69.167.227.109,148.183.106.111,27566,443
Yes,524.0,16.0,408.0,1384.0,ABNORMAL,12.27.172.91,76.250.86.222,21593,80
Yes,610.0,20.0,521.0,1638.0,ABNORMAL,165.187.164.59,29.76.214.160,29501,8080
Yes,529.0,19.0,397.0,1087.0,ABNORMAL,119.154.115.59,225.76.116.127,53785,443
Yes,1019.0,16.0,556.0,1028.0,ABNORMAL,11.178.164.148,163.48.116.196,45514,80
Yes,300.0,20.0,529.0,1548.0,ABNORMAL,233.255.109.29,41.245.90.140,40685,8080
Yes,751.0,20.0,548.0,1103.0,ABNORMAL,34.152.137.111,159.123.141.153,46125,80
Yes,721.0,14.0,567.0,1852.0,ABNORMAL,189.202.81.2,42.191.169.187,29729,8080
Yes,256.0,12.0,417.0,1347.0,ABNORMAL,51.244.94.3,130.19.120.131,10254,80
Yes,543.0,17.0,333.0,1033.0,ABNORMAL,179.129.199.0,71.112.97.216,49493,80
Yes,533.0,14.0,413.0,1291.0,ABNORMAL,121.110.47.189,169.165.39.91,48633,8080
Yes,266.0,18.0,407.0,1723.0,ABNORMAL,22.157.162.106,159.151.145.106,29212,8080
Yes,901.0,14.0,593.0,1309.0,ABNORMAL,159.83.134.73,13.0.198.51,60970,8080
Yes,458.0,15.0,354.0,1408.0,ABNORMAL,83.86.248.208,108.13.131.236,51024,80
Yes,358.0,19.0,537.0,1565.0,ABNORMAL,218.69.223.105,149.228.210.112,42358,8080
Yes,680.0,20.0,338.0,1274.0,ABNORMAL,83.87.191.135,57.226.149.158,42285,8080
Yes,521.0,11.0,322.0,1691.0,ABNORMAL,185.95.113.155,177.51.49.167,29141,8080
Yes,823.0,13.0,457.0,1218.0,ABNORMAL,133.197.109.121,22.222.177.192,53893,443
Yes,923.0,18.0,582.0,1655.0,ABNORMAL,137.76.255.110,214.239.179.188,55761,8080
Yes,446.0,13.0,393.0,1415.0,ABNORMAL,204.157.187.228,25.210.65.23,3037,8080
Yes,598.0,13.0,535.0,1837.0,ABNORMAL,111.209.42.89,219.158.21.181,18458,80
Yes,453.0,19.0,415.0,1178.0,ABNORMAL,52.123.39.77,143.117.218.176,44439,80
Yes,702.0,17.0,488.0,1566.0,ABNORMAL,231.153.182.32,8.247.147.92,52691,443
Yes,918.0,17.0,482.0,1820.0,ABNORMAL,70.80.55.186,5.49.80.222,46502,8080
Yes,266.0,14.0,444.0,1190.0,ABNORMAL,179.14.198.143,57.165.219.119,31731,443
Yes,949.0,18.0,465.0,1438.0,ABNORMAL,253.56.214.58,225.137.69.225,30891,443
